Date	TheAllstateCorporation_ALL_	VanguardTotalBondMarketIndexFund_BND_	BitcoinUSDPrice_BTCUSD_	IntelCorporation_INTC_	CoffeeFutures_KC_F_	NextEraEnergy_Inc__NEE_	NVIDIACorporation_NVDA_	Silver_SI_F_	SyscoCorporation_SYY_	UnitedHealthGroupIncorporated_UNH_	WalmartInc__WMT_	ExxonMobilCorporation_XOM_
2020-01-29	118.36	85.28	9288.44	66.33	102.05	66.44	6.14	17.43	81.89	282.9	38.63	64.11
2020-01-30	119.88	85.3	9503.08	66.47	101.5	67.48	6.15	17.95	82.84	280.98	38.86	64.79
2020-01-31	118.54	85.52	9334.98	63.93	102.65	67.05	5.91	17.97	82.14	272.45	38.16	62.12
2020-02-03	119.05	85.26	9280.49	64.42	97.9	66.7	6.01	17.64	76.68	274.02	38.09	60.73
2020-02-04	119.95	85	9164.33	65.46	98.15	66.14	6.18	17.53	75.06	280.84	38.42	59.97
2020-02-05	124.67	84.86	9613.82	67.34	97.75	66.68	6.27	17.57	75.7	295.73	38.94	62.73
2020-02-06	123.89	84.94	9763.01	67.09	98.15	67.08	6.36	17.79	76.62	292.46	38.77	61.88
2020-02-07	124.43	85.2	9808.05	66.02	98.35	67.39	6.29	17.67	77.36	289.22	38.82	61.47
2020-02-10	123.95	85.33	9851.78	66.39	100.3	67.94	6.57	17.76	76.96	287.03	38.42	59.96
2020-02-11	125.1	85.19	10270.01	67.41	100.5	68.04	6.7	17.57	76.27	290.79	38.47	60.53
2020-02-12	123.78	85.09	10351.13	67.46	100.65	67.57	6.81	17.48	77.46	303.48	38.62	61.27
2020-02-13	124.89	85.17	10236.49	67.44	104.45	68.87	6.77	17.6	77.94	302.2	39.15	60.93
2020-02-14	125.57	85.26	10371.33	67.27	109.1	69.63	7.24	17.72	78.21	298.78	39.3	60.65
2020-02-18	124.3	85.39	10188.04	66.14	106.55	70.51	7.41	18.13	76.83	302.14	39.88	59.88
2020-02-19	124.26	85.38	9600.08	67.11	106.8	68.67	7.87	18.29	76.2	305.31	39.23	60.34
2020-02-20	123.46	85.59	9610.05	65.45	103.6	69.26	7.72	18.31	76.71	302.13	39.23	59.86
2020-02-21	123.62	85.8	9695.66	64.34	108.85	69.4	7.35	18.52	77.04	301.43	39.53	59.13
2020-02-24	120.54	86.07	9660	61.76	105.9	68.49	6.83	18.87	75.54	277.79	38.77	56.36
2020-02-25	117.31	86.14	9305	59.73	107.1	67.58	6.55	18.18	74.05	263.39	38.13	54.2
2020-02-26	115.73	86.09	8778.3	59.65	109.1	67.37	6.69	17.83	72.87	263	37.93	53.01
2020-02-27	109.92	86.19	8812.49	55.83	108.2	63.96	6.32	17.66	69.68	253.92	36.8	49.82
2020-02-28	105.25	86.76	8708.89	55.52	110.1	63.19	6.75	16.39	66.65	254.96	35.89	51.44
2020-03-02	112.67	86.53	8915	58.18	114.65	67.09	6.91	16.68	69.68	273.11	38.63	53.88
2020-03-03	109.2	87.05	8757.84	55.97	121.05	66.29	6.65	17.13	68.5	261.4	37.64	51.3
2020-03-04	114.51	87.03	8760.66	58.68	117.15	70.56	7.11	17.19	70.65	289.42	38.92	52.42
2020-03-05	108.46	87.36	9070.17	56.96	109.85	69.04	6.83	17.34	67.65	282.96	38.64	50.11
2020-03-06	107.14	87.96	9158.51	55.77	105.6	67.96	6.65	17.21	66.95	283.87	39.08	47.69
2020-03-09	95.61	87.77	7934.52	50.85	108.95	65.32	6.14	17	61.25	273.44	39.05	41.86
2020-03-10	99.26	86.59	7894.68	53.98	114.25	63.93	6.53	16.91	62.42	280	39.93	43.41
2020-03-11	92.77	84.95	7938.05	51.66	111.55	60.32	6.16	16.73	55.15	277.78	38.14	41.98
2020-03-12	83.8	80.33	4857.1	45.54	109.15	52.22	5.41	15.96	43.51	250.41	34.68	37.18
2020-03-13	92.77	83.72	5637.6	54.43	107.05	55.39	6.02	14.46	47.07	272.04	38.03	38.12
2020-03-16	84.98	84.6	5037.61	44.61	103.9	50.34	4.91	12.77	37.75	225.04	35.59	34.49
2020-03-17	87.94	82.85	5331.71	50.08	102.9	55.44	5.43	12.47	35.06	244.22	39.75	36.81
2020-03-18	75.55	80.85	5413.64	47.61	108.05	52.66	5.07	11.73	31.24	217.06	40.86	33.12
2020-03-19	74.69	80.8	6186.26	45.94	116.65	51.78	5.32	12.1	37.11	219.8	39.82	34.43
2020-03-20	73.87	82.17	6206.1	45.83	119.7	47.94	5.14	12.35	35.33	206.59	37.99	32.74
2020-03-23	73.23	83.99	6490.63	49.58	121.25	45.42	5.32	13.23	36.27	194.86	38.09	31.45
2020-03-24	77.92	84.08	6766.64	52.4	125.6	51.63	6.23	14.23	38.98	219.8	38.34	35.44
2020-03-25	83	85.21	6690.96	51.26	129.95	52.57	6.14	14.84	45.65	234.49	36.47	37.29
2020-03-26	89.5	85.6	6758.18	55.54	124.65	57.78	6.43	14.64	53.48	255.39	36.61	38.82
2020-03-27	88.46	86.06	6372.36	52.37	115.85	57.99	6.32	14.5	50.45	242.45	36.53	36.95
2020-03-30	94.64	86.15	6406.4	55.49	119.3	61.5	6.64	14.07	46.35	251.28	38.4	37.5
2020-03-31	91.73	85.35	6424.35	54.12	119.55	60.16	6.59	14.1	45.63	249.38	37.87	37.97
2020-04-01	86.4	85.6	6666.11	51.88	116	54.56	6.08	13.93	41.87	237.32	38.05	37.53
2020-04-02	85.79	86	6804.52	54.35	119.35	56.61	6.39	14.6	41.29	240.44	39.55	40.4
2020-04-03	85.96	85.96	6741.99	54.13	114.9	55.41	6.1	14.44	39.5	229.49	39.83	39.21
2020-04-06	93.52	86.23	7341.56	58.43	116.65	58.63	6.71	15.11	45.01	248.34	42.02	40.47
2020-04-07	92.53	86.31	7200.01	58.4	119.9	57.12	6.48	15.42	46.07	248.04	40.66	41.24
2020-04-08	97.25	86.53	7370.11	58.98	119.8	58.38	6.67	15.15	47.25	267.83	40.61	43.85
2020-04-09	100.34	87.48	7293.24	57.14	118.6	61.32	6.57	15.99	49.59	264.13	40.6	43.13
2020-04-13	98	87.2	6861.21	58.7	119.75	59.05	6.75	15.48	47.05	263.51	41.77	42.76
2020-04-14	102.44	87.2	6877.37	60.66	117.2	60.6	7.1	16.07	48.32	270.5	43	42.43
2020-04-15	97.94	87.63	6624.12	58.87	120.2	59.31	7.02	15.45	46.1	281.68	42.92	40.48
2020-04-16	99.93	87.68	7112.64	60.79	118.6	59.37	7.37	15.56	45.74	298.43	44.11	39.15
2020-04-17	104.92	87.56	7037.46	60.36	116.05	61.57	7.31	15.24	50.31	290.56	44.04	43.22
2020-04-20	102.72	87.42	6838.19	59.18	113.65	59.4	7.18	15.56	49.61	282.14	43.28	41.18
2020-04-21	100.09	87.53	6853.68	56.36	109.65	58.86	6.74	14.82	49.1	274.19	43.07	40.96
2020-04-22	101.99	87.46	7136.84	60.1	110.6	61.79	7.15	15.28	51.35	277.02	43.86	42.13
2020-04-23	99.45	87.6	7488.83	59.04	111.05	60.29	7.1	15.35	49.75	285.33	42.84	43.45
2020-04-24	101.44	87.57	7514.64	59.26	105.2	59.93	7.24	15.25	53.08	291.29	43.15	43.73
2020-04-27	103.09	87.26	7789.77	59.47	104.6	60.9	7.43	15.2	54.92	293.98	42.77	43.94
2020-04-28	101.84	87.52	7755.01	58.75	105.7	59.83	7.28	15.16	55.84	288.36	42.67	44.97
2020-04-29	105.82	87.58	8793.75	61.8	103.65	58.78	7.46	15.16	58.6	287.65	41.2	47.46
2020-04-30	101.72	87.51	8624.28	59.98	104.65	57.78	7.31	14.9	56.27	292.47	40.52	46.47
2020-05-01	99.74	87.3	8829.42	57.47	104.45	56.76	7.07	14.86	52.76	284.51	40.97	43.14
2020-05-04	100.34	87.39	8883.53	57.99	105.55	57.52	7.28	14.72	53.83	287.54	41.23	44.88
2020-05-05	102.15	87.31	9028.79	58.75	108.85	57.53	7.34	15.06	50.54	293.04	41.58	44.83
2020-05-06	101.48	86.92	9155.79	59.18	109.35	55.67	7.44	14.99	51.88	288.77	41.1	43.99
2020-05-07	100.85	87.2	10004.77	59.17	107.45	56.12	7.62	15.56	52.28	285	40.63	44.24
2020-05-08	100.79	86.95	9810	59.67	110.1	57.43	7.81	15.74	53.29	287	40.98	46.18
2020-05-11	101.84	86.68	8572.4	60.13	108.95	56.85	8.07	15.64	51.7	288.69	41.22	45.74
2020-05-12	97.55	86.96	8821.42	58.39	105.6	56.98	7.8	15.69	49.28	287.7	41.26	44.12
2020-05-13	92.08	87.06	9321.26	57.74	103.55	57.53	7.78	15.66	46.69	278	41.24	41.93
2020-05-14	93.92	87.3	9795.34	59.08	104.9	58.06	8.03	16.14	47.98	290.61	41.14	42.3
2020-05-15	95.38	87.35	9312.1	58.28	104.8	56.96	8.49	17.05	47.62	290.96	41.98	42
2020-05-18	99.04	87.19	9728.52	59.92	105.7	58.86	8.75	17.46	52.7	293.36	42.55	45.34
2020-05-19	97.27	87.3	9783.76	60.29	107.05	57.63	8.81	17.89	51.38	289.05	41.65	43.94
2020-05-20	96.99	87.53	9509.41	63.1	105.65	58.2	8.97	18	52.58	287.99	41.82	45.37
2020-05-21	94.13	87.62	9061.96	61.98	104.75	57.23	8.78	17.33	52.48	286.91	41.66	44.56
2020-05-22	94.82	87.65	9168.84	62.26	103.6	58.46	9.03	17.66	51.75	289.94	41.44	44.6
2020-05-26	94.05	87.6	8844.42	62.34	105.1	58.58	8.72	17.57	55.11	294.89	41.29	45.91
2020-05-27	97.73	87.64	9208.53	63.56	102.5	60.28	8.53	17.69	56.95	303.77	40.83	46.24
2020-05-28	98.26	87.67	9580.19	61.7	99.1	62.84	8.49	17.9	55.95	303.97	41.23	45.04
2020-05-29	97.81	87.92	9423.84	62.93	96.3	63.89	8.88	18.44	55.16	304.85	41.35	45.47
2020-06-01	99.07	87.68	10208.96	61.86	98.3	63.91	8.81	18.77	57.18	305.93	41.32	46.28
2020-06-02	99	87.75	9522.46	62.12	98.2	64.15	8.83	18.21	56.64	306.31	41.31	47.31
2020-06-03	100.41	87.55	9668.07	61.93	99.1	64.9	8.77	17.92	59.1	305.35	41.16	49.24
2020-06-04	101.86	87.34	9788.03	62.97	98.15	62.97	8.77	18.02	58.59	298.08	40.7	49.1
2020-06-05	105.47	87.33	9613.21	64.34	98.9	63.6	8.92	17.44	61.59	311.85	40.52	53.08
2020-06-08	106.99	87.42	9781.51	63.67	98.9	65.12	8.81	17.87	64.11	309.48	40.41	54.74
2020-06-09	103.21	87.48	9779.41	63.04	97.8	64.67	9.05	17.77	61.39	309.21	40.45	53.52
2020-06-10	101.98	87.85	9894.04	63.87	96.75	64.2	9.37	17.78	56.99	305.75	40.39	50.65
2020-06-11	94.79	87.69	9268.16	59.7	96	62.08	8.8	17.87	53.37	283.73	40.03	46.18
2020-06-12	95.7	87.78	9464.17	59.33	95.2	61.73	8.93	17.46	54.26	285.15	39.25	47.17
2020-06-15	97.83	87.96	9432.53	60.1	94	62.14	9.17	17.38	54.88	286.28	39.36	47.14
2020-06-16	99.12	87.85	9526.25	60.4	93.65	62.04	9.07	17.63	56.53	293	39.88	48.2
2020-06-17	97.95	87.87	9457.51	60.49	96.25	62.25	9.24	17.76	54.48	292.6	39.68	46.63
2020-06-18	98.75	87.97	9376.14	60.08	94.6	62.23	9.22	17.49	55.93	291.48	39.33	46.92
2020-06-19	98.73	88	9301.91	59.62	93.75	60.55	9.26	17.83	54.26	291.24	39.95	45.98
2020-06-22	97.16	87.97	9690.74	60.09	95.95	61.76	9.53	17.89	55	292.67	40.56	46.42
2020-06-23	96.66	87.93	9623.56	59.92	96.25	60.8	9.45	18.05	58.28	297.6	40.36	46.7
2020-06-24	92.95	87.94	9285.91	59.09	96.65	60.42	9.24	17.66	54.88	289.18	40.1	44.5
2020-06-25	95.83	88.03	9243.51	58.51	94.85	59.79	9.49	17.88	55	296.22	39.9	45.17
2020-06-26	94.58	88.19	9155.42	57.5	95.65	59.06	9.15	18.02	52.3	286.88	39.44	43.62
2020-06-29	95.44	88.25	9184.45	58.27	98.65	59.56	9.2	17.98	54.42	289.76	39.69	44.32
2020-06-30	96.99	88.34	9136.2	59.83	100.05	60.04	9.5	18.54	54.66	294.95	39.93	44.72
2020-07-01	95.53	88.2	9239.97	58.81	103.05	61.57	9.53	18.13	53.7	297.73	39.9	43.71
2020-07-02	94.09	88.34	9091.53	59.13	102.25	61.6	9.61	18.24	54.06	298.26	39.74	44.08
2020-07-06	95.64	88.31	9343.31	59.54	97.2	61.74	9.84	18.5	53.76	302.81	39.63	44.39
2020-07-07	92.65	88.45	9253.94	58.31	99.25	61.68	9.87	18.63	53.02	296.65	42.32	43.24
2020-07-08	88.22	88.4	9435.28	58.61	98.95	63.32	10.22	19.08	53.11	298.36	41.48	43.14
2020-07-09	85.82	88.64	9236.95	58.42	97.7	63	10.51	18.88	50.98	291.16	42.58	41.36
2020-07-10	86.97	88.54	9291.05	59.53	96.15	64.9	10.48	18.98	52.31	291.23	43.56	42.65
2020-07-13	88.5	88.58	9236.92	58.58	97.4	64.06	10.05	19.71	52.44	299.71	43.17	42.66
2020-07-14	89.73	88.69	9256.94	58.98	96.7	65.64	10.38	19.45	52.96	308.52	44	44.07
2020-07-15	90.13	88.7	9190.16	59.03	95.95	64.75	10.23	19.68	55.44	304.07	44	44.63
2020-07-16	91.61	88.76	9130.11	59.14	97.1	67.1	10.13	19.5	54.62	307.15	44.07	44.28
2020-07-17	91.67	88.85	9154.29	60	101.05	68.85	10.2	19.68	54.17	306.53	43.91	43.52
2020-07-20	90.93	88.94	9161.05	61.15	98.5	68.58	10.51	20.12	53.03	303.46	43.82	42.5
2020-07-21	91.86	88.99	9394.14	60.7	100.5	69.08	10.33	21.5	54.72	305.11	44.11	44.65
2020-07-22	93.52	89.11	9536.18	61.05	108.35	70.11	10.44	23.08	55.34	306.71	44.22	43.61
2020-07-23	94.67	89.19	9613.24	60.4	107.5	70.24	10.13	22.94	54.94	302.97	43.88	43.7
2020-07-24	94.36	89.17	9551.21	50.59	108.4	70.06	10.19	22.81	54.94	300.79	43.75	43.43
2020-07-27	92.7	89.11	11048.91	49.57	110.4	69.41	10.42	24.48	53.99	298.6	43.74	44.07
2020-07-28	92.27	89.15	10934.23	49.24	109.65	70.01	10.22	24.27	53.5	299.93	43.92	43.55
2020-07-29	94	89.29	11110.12	48.07	111.6	70.36	10.47	24.29	53.99	306.68	43.56	44.03
2020-07-30	92.08	89.34	11115.95	47.99	115.35	70.58	10.61	23.34	53.59	305.23	43.37	41.87
2020-07-31	94.39	89.46	11351.62	47.73	118.95	70.18	10.61	24.19	52.85	302.78	43.13	42.08
2020-08-03	96.19	89.27	11233.13	48.3	117.9	69.4	11.01	24.39	52.13	303.61	43.1	42.25
2020-08-04	96.24	89.46	11197.04	49.13	121.05	71.26	11.23	26.01	54.11	304.5	43.88	43.47
2020-08-05	94.76	89.34	11756.75	48.92	121.55	70.94	11.29	26.88	54.99	312.47	43.27	43.85
2020-08-06	94.48	89.48	11773.89	48.57	117	70.7	11.34	28.39	56.4	314.06	43.12	43.64
2020-08-07	96.91	89.38	11606.52	48.03	115.45	71.94	11.2	27.53	57.8	317.03	43.32	43.44
2020-08-10	97.25	89.28	11899.73	49.22	112.6	70.91	11.17	29.25	60.1	319.1	43.96	44.51
2020-08-11	96.83	88.97	11388.53	48.19	111.35	69.45	10.85	26.04	60.84	315.55	43.4	44.97
2020-08-12	96.23	88.74	11566.45	49.19	112.05	71.15	11.44	25.95	59.7	322.27	43.96	44.09
2020-08-13	96.26	88.45	11795.95	48.56	116.2	71.1	11.44	27.69	58.6	321.52	43.95	43.01
2020-08-14	96.12	88.35	11779	48.89	114.7	70.13	11.56	26.07	59.54	323.7	44.2	43.2
2020-08-17	95.23	88.46	12304.26	48.93	115.55	70.75	12.34	27.64	59.7	320.51	45.2	42.64
2020-08-18	94.68	88.58	11950	48.65	119.3	70.76	12.26	28.05	59.59	316.81	44.9	42.43
2020-08-19	94.28	88.43	11758.87	48.33	118.45	70.58	12.14	27.32	58.08	315.4	44.14	41.96
2020-08-20	95.36	88.58	11864.26	49.17	118.55	70.53	12.14	27.12	57.93	313.33	43.52	41.32
2020-08-21	94.49	88.77	11529.22	49.28	120.1	70.6	12.68	26.71	57.46	314.14	43.88	41.01
2020-08-24	95	88.67	11753.85	49.14	120.25	70.66	12.72	26.59	59.51	308.84	43.78	42.22
2020-08-25	93.77	88.5	11324.92	49.43	123.2	70.33	12.75	26.25	58.2	312.22	43.54	40.88
2020-08-26	93.01	88.45	11463.27	49.55	122.8	69.75	12.77	27.43	57.5	308.82	43.57	40.01
2020-08-27	94.13	88.13	11330.06	49.4	122.95	69.72	12.63	27.01	60.03	311.67	45.54	39.74
2020-08-28	94.3	88.2	11535	50.43	127.1	69.89	13.15	27.61	61.89	314.37	46.77	40.69
2020-08-31	93	88.46	11655	50.95	129.8	69.79	13.37	28.44	60.14	312.55	46.28	39.94
2020-09-01	92.96	88.55	11924.22	50.79	131.9	69.28	13.82	28.49	60.1	312.83	49.2	39.43
2020-09-02	94.59	88.74	11395.48	52.25	131.5	72.07	14.35	27.25	60.84	320.24	49.23	39.19
2020-09-03	93.34	88.75	10172.52	50.39	131.6	70.15	13.02	26.74	60.37	316.23	48.18	39.11
2020-09-04	93.81	88.23	10500.05	50.08	134.8	69.33	12.62	26.58	60.14	312	47.61	39.08
2020-09-08	91.25	88.36	10125.69	48.91	132.8	69.48	11.91	26.86	59.48	307.25	46.15	38.18
2020-09-09	92.54	88.3	10224.56	49.62	129.65	70.59	12.72	26.95	61.42	312.02	46.63	37.95
2020-09-10	92.62	88.32	10343.23	48.96	132.5	69.23	12.31	27.16	61.78	304.6	45.6	37
2020-09-11	93.82	88.41	10394.41	49.28	133.35	69.54	12.16	26.74	62.3	301.48	45.57	36.9
2020-09-14	94.95	88.41	10679.95	49.41	123.55	70.48	12.87	27.23	64.57	308.57	45.77	36.66
2020-09-15	94.84	88.46	10783.75	50	122.2	73.93	12.99	27.35	65.4	307.23	45.79	36.27
2020-09-16	95.91	88.44	10959.61	50.37	120.55	70.09	12.51	27.35	68.25	306.52	45.42	37.81
2020-09-17	92.8	88.44	10943.61	50.32	118.1	69.88	12.46	26.99	68.4	304.98	45.56	37.8
2020-09-18	91.28	88.34	10937.52	49.89	113.6	69.23	12.19	27.03	67.63	308.02	45.1	37.19
2020-09-21	92.03	88.39	10416.82	49.72	112	69.05	12.52	24.3	64.05	299.19	45.69	36.43
2020-09-22	92.34	88.42	10531.13	49.95	110.65	69.52	12.64	24.44	64.02	294.26	46.1	35.53
2020-09-23	89.62	88.22	10235.1	48.82	110.5	68.33	12.12	23.01	60.52	292.14	45.33	34.39
2020-09-24	89.98	88.23	10740.01	49.16	111.15	69.39	12.35	23.12	61.56	292.66	45.57	34.32
2020-09-25	91.28	88.22	10690.53	49.94	113.65	70.46	12.87	23.02	62.01	302.5	45.76	34.64
2020-09-28	93.22	88.3	10695.55	51.43	109.55	71.04	13.04	23.53	61.85	303.23	45.75	35.31
2020-09-29	93.44	88.36	10840.73	51.19	109.55	70.78	13.23	24.38	61.17	304.15	45.71	34.28
2020-09-30	94.14	88.22	10779.63	51.78	110.95	69.39	13.53	23.43	62.22	311.77	46.64	34.33
2020-10-01	92.26	88.16	10617.63	52.24	107.05	70.69	13.61	24.19	62.62	313.07	47.69	33.13
2020-10-02	93.02	88.1	10573.12	51.01	108.95	70.29	13.06	23.97	63.17	311.98	46.83	32.98
2020-10-05	93.68	87.77	10795	51.69	107.2	71.98	13.64	24.5	63.54	318.15	47.27	33.74
2020-10-06	92.65	87.89	10602.66	51.37	107.65	72.57	13.74	23.87	64.67	314.45	46.88	33.39
2020-10-07	93.29	87.77	10670.47	52.67	109.6	74.28	13.96	23.85	66.28	323.17	46.96	33.5
2020-10-08	93.58	87.92	10933.09	53.37	110.25	75.26	13.84	23.84	67.84	322.41	47.12	35.26
2020-10-09	92.86	87.94	11057.07	52.82	111.55	75.73	13.76	25.07	67.98	327.84	47.59	34.74
2020-10-12	94.26	88.07	11535.46	53.88	109.15	76.42	14.23	25.23	67.48	329.97	48.08	34.63
2020-10-13	91.79	88.14	11428.22	53.83	110.1	75.37	14.25	24.09	65.08	331.42	48.74	34.22
2020-10-14	91.28	88.19	11427.7	53.55	109.6	75.16	14.1	24.36	66.9	321.85	47.98	34.15
2020-10-15	91.71	88.14	11509.34	53.85	109.5	74.61	13.97	24.19	66.58	324.57	48.18	34.45
2020-10-16	92.58	88.07	11328.95	54.16	107.25	76.4	13.81	24.37	65.78	329.9	48.24	34.1
2020-10-19	91.42	87.99	11760.45	54.58	106.05	74.89	13.5	24.66	64.34	324.22	47.65	33.42
2020-10-20	91.08	87.84	11923.83	53.43	104.9	75.25	13.65	24.94	64.58	323.41	47.97	33.7
2020-10-21	90.76	87.74	12808	53.5	104.15	74.42	13.52	25.2	63.8	322.79	48.13	33.16
2020-10-22	91.69	87.59	12987.02	53.9	106.7	75.57	13.36	24.67	65.21	325.73	47.85	34.86
2020-10-23	91.25	87.7	12937.09	48.2	105.6	75.77	13.59	24.63	64.8	330.6	47.95	34.16
2020-10-26	90.82	87.83	13068.79	46.72	106.65	75.66	13.14	24.38	60.8	323.06	47.39	33.35
2020-10-27	89.04	88.04	13698.18	45.64	106.95	75.78	13.4	24.53	58.34	320.51	47.62	32.82
2020-10-28	88	87.92	13281.05	44.25	105	74.46	12.63	23.32	54.79	308	46.68	31.57
2020-10-29	88.59	87.73	13460	44.11	104.6	74.01	13.02	23.34	55.29	303.68	46.64	32.97
2020-10-30	88.75	87.58	13571.51	44.28	104.4	73.21	12.53	23.62	55.31	305.14	46.25	32.62
2020-11-02	90.9	87.55	13563.22	44.46	102.8	75.13	12.58	24.01	57.09	312.1	46.8	33.99
2020-11-03	92.92	87.53	14035.8	44.85	103.45	76.02	13.02	24.31	60.25	321.35	47.59	33.41
2020-11-04	92.04	88.13	14161.48	45.7	103	73.32	13.79	23.86	60.74	354.56	47.32	33.23
2020-11-05	90.41	88.22	15608.21	45.68	105.95	74.75	14.16	25.17	60.83	354.4	47.82	33.17
2020-11-06	91.15	88.02	15599.95	45.39	106.95	75.72	14.56	25.65	60.86	347.46	48.59	32.78
2020-11-09	93.89	87.61	15342.25	45.6	106.85	75.51	13.63	23.68	71.08	350	47.85	36.93
2020-11-10	94.44	87.44	15315.03	45.44	107.3	75.99	12.77	24.45	72.28	353.69	48.52	36.86
2020-11-11	94.37	87.5	15705.79	46.35	109.1	77.54	13.42	24.25	68.49	351.7	49.33	36.48
2020-11-12	94.81	87.79	16310.81	44.95	110.1	76.67	13.46	24.29	68.01	354.41	49.41	35.23
2020-11-13	96.71	87.82	16339.56	45.46	109.25	77.19	13.3	24.76	71.54	355.67	50.18	36.08
2020-11-16	98.06	87.87	16726.64	46.19	115.65	77.75	13.52	24.79	74.97	356.82	50.81	38.16
2020-11-17	99.37	88.02	17679.36	45.53	116.2	76.61	13.42	24.64	74.23	352.1	49.79	38.67
2020-11-18	100.07	88.12	17782.91	45.06	119.75	75.79	13.43	24.43	71.68	344.51	49.7	37.21
2020-11-19	100.37	88.3	17821.58	45.62	120.65	75.13	13.44	24.03	71.99	337	50.71	37.4
2020-11-20	100.18	88.38	18675.25	45.39	115.5	75.55	13.09	24.35	70	334.7	50.08	36.94
2020-11-23	101.31	88.31	18384.82	46.06	114.45	74.57	13.14	23.62	71.31	335.06	50.31	39.36
2020-11-24	104.88	88.22	19172.84	47.01	113.15	74.98	12.96	23.29	72.45	336.01	50.45	41.98
2020-11-25	103.95	88.18	18721.93	47.05	114.5	75.97	13.23	23.36	71.68	333.19	50.61	40.81
2020-11-27	104.14	88.37	17153.95	47.45	121.7	75.13	13.26	22.55	71.24	337.94	50.53	40.19
2020-11-30	102.35	88.49	19713.94	48.35	120.7	73.59	13.4	22.53	71.29	336.34	50.93	38.13
2020-12-01	104.29	88.08	18782.97	49.56	115.65	74.15	13.39	24.03	73.43	341.19	50.88	38.5
2020-12-02	103.68	87.93	19225.63	49.9	116.85	74.31	13.54	24.02	72.75	347.56	50.17	39.94
2020-12-03	103.83	88.1	19448.64	50.99	117.65	73.35	13.4	24.09	74.68	348.68	49.77	40.21
2020-12-04	104.36	87.87	18658.1	51.99	115.35	72.52	13.56	24.2	78.12	349.89	49.64	41.68
2020-12-07	103.41	87.99	19177.71	50.2	116.95	73.27	13.61	24.74	75.87	347.86	49.37	40.9
2020-12-08	105.45	88.02	18316.22	50.69	117.1	73.68	13.35	24.68	76.72	347.86	49.82	42.24
2020-12-09	105.19	87.87	18546.55	50.07	114.9	73.67	12.93	23.93	76.41	344.41	49.42	42.8
2020-12-10	105.42	88.05	18253.44	50.26	118.55	73.28	12.97	24.03	77.24	339.65	49.01	44.01
2020-12-11	104.43	88.19	18042.15	49.73	119.1	73.8	13.01	24.03	75.88	337.07	49	43.8
2020-12-14	104.87	88.16	19272.37	50.47	123.55	73.55	13.31	23.99	73.43	336.13	48.55	42.22
2020-12-15	105.92	88.2	19444.6	50.67	123.1	74.91	13.36	24.58	74.31	339.67	48.53	43.04
2020-12-16	106.42	88.11	21359.65	51.12	125.05	74.44	13.24	24.99	73.88	339.34	48.48	43.7
2020-12-17	106.56	88.13	22826.48	50.65	125.05	75.06	13.34	26.1	74.44	341.67	48.7	43.48
2020-12-18	107.4	88.1	23137.76	47.46	123.7	74.51	13.27	25.95	72.28	338.38	48.65	42.73
2020-12-21	106.17	88.11	22729.4	46.36	124.3	74.4	13.33	26.28	72.47	336.08	48.66	41.95
2020-12-22	106.19	88.25	23823.27	46.17	124.2	74.71	13.28	25.43	71.92	335.01	48.07	41.24
2020-12-23	105.99	87.86	23228.35	46.57	124.55	74.33	13.01	25.82	72.87	337.59	47.74	41.77
2020-12-24	107.19	88.01	23717.96	47.07	125.95	74.98	12.99	25.81	72.42	340.79	47.83	41.6
2020-12-28	107.47	87.98	27040.36	47.07	123.35	75.49	12.9	26.46	73.83	345.95	48.41	41.74
2020-12-29	107.52	88.01	27366.35	49.39	125.4	75.33	12.94	26.14	72.83	347.35	48.1	41.27
2020-12-30	108.15	88.07	28897.42	48.75	125.4	75.91	13.15	26.49	73.29	344.99	48.06	41.6
2020-12-31	109.93	88.19	28990.08	49.82	128.25	77.15	13.06	26.33	74.26	350.68	48.05	41.22
2021-01-04	108.08	88.07	32019.99	49.67	126.15	74.22	13.11	27.28	72.31	349.5	48.84	41.5
2021-01-05	107.23	87.92	34030.64	50.61	125.1	74.77	13.4	27.57	72.77	344.8	48.58	43.5
2021-01-06	109.99	87.53	36859.26	51.1	120.9	78.43	12.61	26.97	76	359.27	48.89	44.61
2021-01-07	110.07	87.35	39505.56	52.19	121.1	79.29	13.34	27.2	75.59	365.03	48.88	44.96
2021-01-08	109.95	87.27	40665.15	51.65	123.7	81.13	13.28	24.58	77.55	363.39	48.88	45.46
2021-01-11	109.15	87.18	35452.59	51.54	121.45	79.69	13.62	25.24	77.55	360.75	49.1	46.84
2021-01-12	109.78	87.16	34038.98	53.24	121.4	79.75	13.48	25.38	78.37	357.37	49.66	47.88
2021-01-13	108.88	87.39	37393.66	56.95	125.25	81.84	13.53	25.52	76.14	355.04	49.15	48.42
2021-01-14	109.06	87.28	39125.14	59.25	127.35	82.53	13.2	25.75	75.51	350.53	48.99	50.31
2021-01-15	108.4	87.35	36754.67	57.58	128.15	82.04	12.86	24.83	75.57	351.3	48.21	47.89
2021-01-19	110.27	87.47	35917.28	57.99	127.15	82.81	13.03	25.28	74.87	352.19	47.8	48.84
2021-01-20	111	87.46	35503.09	58.67	125.2	84.05	13.37	25.73	77.02	350.84	48.5	49.53
2021-01-21	110.72	87.34	30855.95	62.46	126.45	83.71	13.87	25.82	76.83	355	48.28	48.11
2021-01-22	110.43	87.38	32984.93	56.66	124.05	84.21	13.71	25.52	75.19	347.55	48.78	47.43
2021-01-25	110.95	87.58	32261.87	55.44	123.25	86.87	13.65	25.45	73	347.81	48.73	46.9
2021-01-26	109.52	87.57	32510.82	55.21	124.5	85.23	13.44	25.53	74.17	343.11	49.17	45.87
2021-01-27	110.51	87.57	30407.13	53.59	125.5	80.19	12.92	25.38	72.02	332.99	47.95	45.35
2021-01-28	109.3	87.5	33488.99	56.07	124	82.46	13.05	25.91	74.15	338.15	47.92	46.06
2021-01-29	107.18	87.43	34262.11	55.51	122.95	80.87	12.99	26.9	71.51	333.58	46.83	44.84
2021-02-01	108.71	87.32	33533.19	56.69	125.35	81.7	13.24	29.4	71.57	334	46.42	44.92
2021-02-02	110.79	87.21	35512.67	58	123.4	82.93	13.56	26.38	73.03	338.72	46.92	45.63
2021-02-03	109	87.06	37678.37	57.68	123.95	83.05	13.53	26.88	76.4	337.89	47.07	47.42
2021-02-04	107.13	87.08	36975	58.79	124.05	83	13.66	26.22	76.52	329.32	47.51	48.33
2021-02-05	106.92	86.96	38311.49	58.18	124.5	83.6	13.59	27.01	77.08	324.51	48.12	49.95
2021-02-08	107.38	87.06	46448.1	59.16	124.1	83.4	14.44	27.57	76.92	324.34	48.34	52.1
2021-02-09	107.88	87.02	46514.73	58.78	122.95	83.83	14.26	27.4	76.21	329.63	48.61	50.63
2021-02-10	105.6	87.16	44850	58.86	121.1	83.91	14.76	27.07	76.14	333.4	48.04	51.12
2021-02-11	104.48	87.07	47997.91	60.66	121.2	83.95	15.25	27.04	76.22	333.07	48.01	49.84
2021-02-12	104.43	86.84	47408.34	61.81	121.15	83.13	14.96	27.32	76.24	328.24	48.16	50.52
2021-02-16	103.21	86.43	49158.71	62.47	124.35	81.19	15.33	27.32	76.39	324.62	48.55	52.04
2021-02-17	104.86	86.61	52170.01	61.85	125.7	80.68	14.91	27.31	74.89	326.86	49.07	52.85
2021-02-18	105.08	86.56	51601.73	61.61	127.6	80.73	14.83	27.08	74.93	328.41	45.89	52.02
2021-02-19	103.45	86.26	55983.56	63.01	127.5	78.1	14.93	27.25	76.71	324.58	46.11	52.37
2021-02-22	105.31	86.02	54142.13	60.71	133.45	75.1	14.36	28.08	78.66	327.64	45.9	54.3
2021-02-23	108.01	86	48899.99	61.12	136.85	74.71	14.14	27.69	79.13	329.51	45.16	55.05
2021-02-24	108.36	85.95	49737.82	63.19	135.65	73.76	14.5	27.86	80.98	332.21	44.4	56.7
2021-02-25	108.83	85.2	47058.48	60.4	139.2	74.06	13.31	27.64	80.4	328.87	43.98	55.76
2021-02-26	106.6	85.94	46326.2	60.78	136.85	73.48	13.71	26.4	79.63	332.22	43.31	54.37
2021-03-01	109.72	85.7	49639.4	62.88	135.15	75.91	13.84	26.65	80.91	334.65	43.79	56.4
2021-03-02	110.49	85.69	48511.6	61.24	133.2	75.54	13.41	26.85	80.03	334.64	43.37	56.07
2021-03-03	111.26	85.42	50360	59.9	131.15	72.52	12.8	26.36	81.5	332.87	42.53	56.52
2021-03-04	109.35	85.15	48368.52	58.33	128.4	71.29	12.37	25.43	79.42	333.81	42.51	58.71
2021-03-05	111.62	85.1	48769.47	60.74	128.75	70.7	12.46	25.26	81.79	347.1	43.04	60.93
2021-03-08	113.28	84.71	52415.23	59.85	129.05	70.86	11.59	25.24	81.7	350.17	42.63	60.87
2021-03-09	111.59	84.99	54916.38	62.67	128.9	74.02	12.52	26.15	79.36	351.98	42.96	59.93
2021-03-10	113.71	85.15	55890.69	62.25	129.35	74.46	12.47	26.1	81.23	349.6	44.06	61.77
2021-03-11	113.76	85.16	57815.47	63.31	131.8	74.86	12.99	26.16	81.03	353.1	44.04	61.31
2021-03-12	115.74	84.65	57225.91	62.9	132.45	75.67	12.86	25.88	83.4	356.02	44.71	61.97
2021-03-15	117.27	84.75	55636.15	63.79	131.45	75.52	13.19	26.25	83.24	353.88	44.48	60.39
2021-03-16	115.84	84.74	56927.11	64.78	133.8	75.38	13.29	25.97	80.45	354.6	44.46	59.11
2021-03-17	115.84	84.71	58925.54	65.78	132.85	72.96	13.34	26.03	80.76	352.18	44.09	59.37
2021-03-18	116.04	84.36	57644.95	63.73	126.4	71.13	12.72	26.32	78.82	362.05	43.34	56.81
2021-03-19	113.24	84.43	58039.66	63.76	125.45	70.84	12.85	26.29	79.7	365.58	43.91	56.49
2021-03-22	112.24	84.67	54110.07	65.63	130.1	71.69	13.19	25.74	78.6	366.86	44.12	55.91
2021-03-23	111.86	84.86	54345.54	63.48	127.6	74.02	13.07	25.2	77.78	368.5	44.65	55.22
2021-03-24	112.85	84.99	52276.16	62.04	126.5	72.83	12.64	25.2	77.65	370.6	44.37	56.34
2021-03-25	114.71	84.93	51325.01	62.02	126.6	73.45	12.54	25.02	79.59	371.09	44.67	56.18
2021-03-26	116.03	84.78	55072.44	64.87	128.5	74.06	12.84	25.09	80.63	376.48	45.04	57.71
2021-03-29	116.8	84.67	57613.48	64.5	127.05	74.8	12.95	24.75	79.03	379.06	45.56	57.4
2021-03-30	117.11	84.76	58786.46	63.77	122.6	74.22	12.87	24.12	79.89	373.56	45.25	56.69
2021-03-31	114.9	84.72	58800	64	123.5	75.61	13.35	24.52	78.74	372.07	45.28	55.83
2021-04-01	116.03	84.8	58726.48	64.55	121.6	75.77	13.81	24.93	77.99	367.07	45.21	57.39
2021-04-05	117.49	84.67	59123.02	66.54	122.1	76.78	13.99	24.76	79.28	370.18	46.48	56.5
2021-04-06	117.83	84.97	58019.98	65.56	126.85	77.56	13.86	25.21	81.25	364.37	46.7	56.34
2021-04-07	116.38	84.87	55955.75	66.25	126.75	77.41	14.14	25.23	80.65	365.64	46.6	56.59
2021-04-08	117.05	85.06	58083.1	67.05	127.85	77.76	14.32	25.57	80.61	364.89	46.57	56
2021-04-09	117.1	84.95	58092.68	68.26	127.25	77.94	14.4	25.31	80.86	376.3	46.59	55.87
2021-04-12	119.36	84.93	59839.82	65.41	128.1	77.64	15.21	24.85	81.57	376.28	46.6	55.5
2021-04-13	119.19	85.15	63588.22	65.22	130.05	79.04	15.68	25.42	80.48	374.5	46.46	55.71
2021-04-14	120.42	85.09	62971.8	64.19	132.1	79.13	15.28	25.51	80.53	375.63	46.44	57.32
2021-04-15	121.59	85.45	63229.04	65.02	132.7	80.18	16.14	25.96	80.58	390.01	46.72	56.98
2021-04-16	122.2	85.22	61427.27	64.75	129.15	80.94	15.91	26.1	80.56	391.01	46.87	56.66
2021-04-19	122.84	85.17	55696.83	63.63	129.85	79.79	15.36	25.83	81.08	389.84	46.57	56.48
2021-04-20	122.87	85.31	56499.29	62.7	132.45	80.53	15.17	25.83	80.31	396.53	46.93	55.29
2021-04-21	123.9	85.4	53800.86	63.7	132.2	77.97	15.36	26.57	82.4	398.81	47.07	56
2021-04-22	123.66	85.44	51701.59	62.57	134.3	78.32	14.85	26.17	82.38	396.54	46.56	55.27
2021-04-23	125.05	85.45	51187.27	59.24	136.85	78.24	15.27	26.08	82.64	400.31	46.63	55.57
2021-04-26	125.3	85.39	54053.6	58.76	141.75	77.93	15.48	26.21	82.28	395.86	45.97	55.68
2021-04-27	125.84	85.17	55069.62	57.97	144.35	77.28	15.38	26.41	83.29	394.5	46.13	56.41
2021-04-28	125.35	85.21	54894.03	57.62	144.3	77.09	15.28	26.08	83.24	394.59	45.96	58.11
2021-04-29	127.87	85.14	53580	58.28	141.4	77.22	15.32	26.05	84.17	401.55	46.54	58.94
2021-04-30	126.8	85.26	57798.77	57.53	139.95	77.51	15.01	25.85	84.73	398.8	46.64	57.24
2021-05-03	128.13	85.15	57212.73	57.26	138.75	76.7	14.84	26.94	84.04	405.9	47.37	58.82
2021-05-04	127.84	85.26	53241.92	56.9	138.9	75.69	14.35	26.54	83.18	411.34	46.91	59.19
2021-05-05	127.45	85.31	57515.69	56.85	148.5	73.78	14.46	26.5	83.04	412.5	46.87	60.97
2021-05-06	132.62	85.35	56440.66	57.19	153.5	74.01	14.52	27.46	85.38	414.97	47.02	61.55
2021-05-07	132.26	85.36	57380.39	57.67	152.3	74.53	14.81	27.46	86.26	417.65	46.73	62.43
2021-05-10	134.49	85.16	55866.41	55.97	147.6	74.8	14.27	27.48	85.64	420.89	46.94	62.58
2021-05-11	134.13	84.99	56753.19	55.04	147.9	74.07	14.31	27.66	83.98	411.7	46.52	60.59
2021-05-12	132.75	84.69	49498.77	53.62	145.75	71.54	13.76	27.23	81.72	405.37	45.31	60.04
2021-05-13	137.52	84.86	49690.11	54.01	145.65	72.63	13.67	27.04	83.12	408.56	46.08	59.3
2021-05-14	139.26	85.06	49893.48	55.35	144.25	73.12	14.24	27.35	84	409.8	46.51	60.77
2021-05-17	139.02	84.98	43580.5	55.33	145	71.9	14.17	28.26	84.13	408.63	46.3	62.19
2021-05-18	137.13	84.89	42857.15	54.84	151.8	72.29	14.02	28.31	82.91	410.38	47.3	60.43
2021-05-19	135.69	84.8	36731.75	55.36	150.95	72.66	14.07	28.01	81.14	409.5	47.31	58.98
2021-05-20	136.09	85.08	40623.33	55.95	150.95	74.29	14.61	28.05	80.17	408.64	47.47	58.84
2021-05-21	137.43	85.1	37340.77	56.08	150.1	74.44	14.99	27.47	80.51	411.63	47.25	58.92
2021-05-24	137.24	85.2	38878.56	56.96	149	74.03	15.61	27.89	80.37	410.95	47.25	59.61
2021-05-25	135.15	85.42	38361.81	56.87	150.5	73.37	15.65	28.04	81.51	413.05	47.45	58.26
2021-05-26	135.57	85.39	39293.23	56.92	155.7	73.47	15.7	27.85	81.09	413.21	47.39	58.94
2021-05-27	136.3	85.27	38556.88	57.73	155.35	73	15.49	27.92	80.44	412.7	47.23	58.56
2021-05-28	136.61	85.26	35680.47	57.12	162.35	73.22	16.24	27.99	81	411.92	47.34	58.37
2021-06-01	138.02	85.12	36685	56.89	161.05	72.12	16.26	28.08	81.45	406.72	47.22	60.46
2021-06-02	138.14	85.21	37577.91	57.48	161.15	72.71	16.78	28.19	80.68	405.85	47.12	60.94
2021-06-03	136.26	85.05	39248.55	56.24	157.6	72.37	16.97	27.46	80.29	407.96	47.2	61.18
2021-06-04	136.23	85.39	36856.52	57.37	161.65	72.34	17.58	27.88	79.61	405.64	47.28	61.45
2021-06-07	134.49	85.33	33575.91	57.09	160.15	72.47	17.62	28	79.83	400.25	46.97	61.05
2021-06-08	134.58	85.49	33402.13	57	157.7	72.14	17.46	27.72	80.31	401.74	46.61	62.13
2021-06-09	133.03	85.66	37403.86	57	157.2	72.45	17.36	27.99	79.46	401.1	46.36	62.65
2021-06-10	131.41	85.84	36694.05	57.38	158.7	73.51	17.43	28.01	78.93	401.49	46.63	62.75
2021-06-11	131.73	85.82	37338.44	57.85	157.45	73.49	17.83	28.13	79.87	397.89	46.92	62.17
2021-06-14	130.98	85.6	40539.47	58.19	154.1	73.31	18.02	28.02	79.4	399.16	46.85	62.07
2021-06-15	132.11	85.6	40162.37	57.99	151.2	73.43	17.79	27.68	79.22	400.28	46.67	64.33
2021-06-16	130.44	85.36	38351	57.22	153.35	73.3	17.81	27.8	77.44	397.25	45.72	64.1
2021-06-17	126.55	85.65	38095.17	57.18	149.55	74.58	18.66	25.84	76.04	397.35	45.91	61.99
2021-06-18	124.04	85.92	35841.81	55.67	149.9	73.28	18.64	25.96	74.71	389.37	45.06	60.4
2021-06-21	128.16	85.62	31609.82	55.87	152.35	74.33	18.43	26.01	77.36	398.07	45.47	62.59
2021-06-22	128.5	85.74	32538.37	55.87	151.25	74.11	18.89	25.85	77.13	398.69	45.68	63.79
2021-06-23	127.82	85.68	33688.35	55.26	153.15	73.35	19.06	26.11	77.27	395.56	45.32	64.26
2021-06-24	128.93	85.72	34654.58	56.07	152.4	72.88	19.21	26.05	77.23	398.87	45.64	64.52
2021-06-25	130.78	85.56	31594.63	55.91	157.25	73.86	19.03	26.08	77.04	404.95	46.18	64.66
2021-06-28	129.75	85.79	34493.22	57.48	162.25	75.15	19.99	26.22	76.22	401.46	46.03	63.01
2021-06-29	129.57	85.83	35904.28	56.75	159.7	74.08	20.03	25.87	75.68	398.1	45.77	62.62
2021-06-30	130.44	85.89	35060	56.14	159.35	73.28	20	26.17	77.75	400.44	47.01	63.08
2021-07-01	132.79	85.75	33516.11	56.01	156	74.19	20.21	26.08	76.82	404.89	46.44	63.26
2021-07-02	133.23	85.9	33805.02	56.76	152.55	74.28	20.49	26.48	76.59	409.36	46.7	63.17
2021-07-06	131.7	86.21	34225.73	56.09	147.9	75.13	20.7	26.15	75.34	410.26	46.65	61.37
2021-07-07	133.09	86.39	33878.56	55.96	149.75	75.33	20.37	26.11	74.85	411.66	46.57	60.41
2021-07-08	130.4	86.47	32875.95	55.39	152.05	75.13	19.9	25.97	74.29	409.95	46.53	60.14
2021-07-09	133.47	86.2	33824.26	55.99	151.3	74.99	20.05	26.21	76.14	412.11	46.77	61.23
2021-07-12	134.57	86.17	33091.1	56.73	153.85	75.09	20.51	26.22	75.23	416.04	46.68	61.17
2021-07-13	132.28	85.9	32734.14	56.87	152.1	74.86	20.25	26.11	73.31	418.54	46.86	60.88
2021-07-14	131.69	86.19	32816.39	56.52	156.45	75.7	19.84	26.25	73.22	414.74	47.18	59.53
2021-07-15	130.49	86.4	31868.68	55.81	156.9	76.82	18.97	26.38	72.59	420.05	47.22	58.95
2021-07-16	130.45	86.32	31388.06	54.97	161.2	77.92	18.16	25.78	71.58	419.7	47.19	57.32
2021-07-19	127.49	86.81	30842.03	54.64	155.25	76.99	18.78	25.13	70.47	409.06	47.08	55.35
2021-07-20	127.83	86.72	29796.16	55.24	165.65	77.17	18.61	24.98	72.67	412.97	47.29	55.96
2021-07-21	128.79	86.44	32135.19	56.23	176	75.88	19.41	25.24	73.27	414.64	47.06	57.76
2021-07-22	128.25	86.63	32287.74	55.96	193.65	76.12	19.59	25.36	71.96	415.77	47.09	57.11
2021-07-23	129.74	86.53	33647.26	53	189	77.2	19.56	25.22	72.87	417.7	47.48	57.04
2021-07-26	130.5	86.48	37262.77	54.31	207.8	76.91	19.29	25.3	73.32	413.54	47.54	58.48
2021-07-27	131.45	86.7	39470.48	53.18	201.75	77.86	19.21	24.63	73.59	415.1	47.55	57.83
2021-07-28	130.41	86.78	40035.1	53.07	200.45	77.85	19.5	24.86	73.65	409.17	47.35	58.22
2021-07-29	132.52	86.63	40039.44	53.7	196.5	78.16	19.66	25.76	75.08	412.08	47.41	58.93
2021-07-30	130.05	86.76	42237.95	53.72	179.55	77.9	19.5	25.53	74.2	412.22	47.52	57.57
2021-08-02	129.76	86.83	39149.59	53.68	172.8	78.81	19.75	25.56	73.18	415.57	47.41	57.58
2021-08-03	130.71	86.85	38191.44	54.06	174.85	79.42	19.82	25.57	72.56	421.9	47.94	58.2
2021-08-04	128.93	86.85	39722.41	53.9	175.65	79.87	20.27	25.45	71.75	421.54	47.61	56.84
2021-08-05	127.93	86.65	40888.74	53.89	176.9	80.49	20.64	25.28	73.52	411.19	48.5	57.2
2021-08-06	130.82	86.24	42869.58	53.92	176	80.61	20.37	24.31	73.92	415.12	48.41	57.86
2021-08-09	132.68	86.08	46285.48	54.05	179.35	80.56	20.3	23.25	73.45	410.87	48.53	57.2
2021-08-10	134.33	85.95	45595.66	53.94	182	80.53	19.94	23.38	78.24	411.78	49.56	58.18
2021-08-11	135.61	86.01	45553.49	54.14	183.85	82.37	19.7	23.47	78.16	407.74	50	58.35
2021-08-12	135.25	86.02	44422.14	53.54	186.55	83	19.91	23.1	78.78	405.96	49.69	57.35
2021-08-13	135.06	86.36	47833.64	53.49	182.75	83.45	20.19	23.77	79.44	409.67	49.84	56.77
2021-08-16	136.54	86.44	45902.46	53.47	183.2	83.95	19.95	23.78	79.33	417.21	50.25	55.94
2021-08-17	134.73	86.35	44671.58	52.69	178.95	83.96	19.46	23.65	78.67	421.78	50.23	55.56
2021-08-18	134.31	86.33	44707.98	52.19	179.7	84.42	19.04	23.41	76.94	417.32	49.7	54.39
2021-08-19	134.03	86.52	46765.87	52.44	178.2	84.55	19.8	23.22	75.55	427.89	50.04	52.73
2021-08-20	134.56	86.5	49342.4	52.01	178.25	86.28	20.82	23.1	76.79	429.71	50.48	52.74
2021-08-23	137.33	86.52	49506.5	53.23	179.95	84.4	21.96	23.65	77.56	425.36	50.15	54.91
2021-08-24	136.95	86.35	47682.45	53.81	183.3	84.14	21.79	23.89	78.45	423.41	49.63	55.36
2021-08-25	137.87	86.21	48987.33	53.81	184.05	84.53	22.21	23.77	79.15	419.74	49.65	55.46
2021-08-26	136.22	86.22	46851.47	53.13	185.65	83.81	22.07	23.55	79.02	416.85	49.12	54.71
2021-08-27	137.51	86.47	49077.57	53.89	189.5	83.41	22.64	24.06	80.25	418.76	48.84	55.77
2021-08-30	134.52	86.57	46993.71	53.94	197.4	83.95	22.69	23.96	78.99	418.3	49.23	55.16
2021-08-31	135.28	86.46	47112.5	54.06	193.45	83.99	22.39	23.96	79.65	416.27	49.37	54.52
2021-09-01	134.27	86.34	48839.86	53.67	193.2	85.34	22.44	24.18	78.99	417.35	49.26	53.77
2021-09-02	133.97	86.46	49279.37	53.73	191.9	86.48	22.4	23.88	78.36	423.71	49.52	55.08
2021-09-03	133.97	86.28	50025	53.51	190.55	85.69	22.84	24.76	77.35	422.86	49.75	54.87
2021-09-07	131.47	86.03	46894.5	53.65	191.5	85.03	22.66	24.33	77.14	421.24	49.09	54.55
2021-09-08	132.82	86.17	46060.36	53.57	187.75	86.44	22.34	24.01	76.41	415.39	49.15	54.05
2021-09-09	132.09	86.48	46400	53.4	185	85.84	22.18	24.13	77.97	414.55	48.81	54.09
2021-09-10	131.55	86.27	44851.45	53.84	185.6	84.93	22.48	23.85	76.56	403.91	48.63	53.98
2021-09-13	133.27	86.4	44947.72	54.99	184.35	84.58	22.15	23.75	76.87	414.52	48.35	55.37
2021-09-14	132.13	86.61	47127.22	54.52	183	84.64	22.24	23.84	75.78	412.54	48.1	54.58
2021-09-15	131.69	86.53	48148.12	55.12	187	84.61	22.34	23.76	76.27	417.52	48.18	56.42
2021-09-16	131.48	86.37	47753.16	54.83	187.8	84	22.24	22.75	76.76	416.84	48.34	55.82
2021-09-17	131.03	86.26	47303.5	54.26	187.3	81.64	21.9	22.3	76.09	420.16	48.24	55.16
2021-09-20	129.59	86.5	43012.97	52.98	183.5	81.69	21.11	22.16	76.14	412.7	47.58	53.69
2021-09-21	129.6	86.48	40719.6	52.87	183.35	81.92	21.25	22.57	76.47	412.34	47.67	53.64
2021-09-22	130.36	86.57	43575.1	53.5	184.85	81.9	21.94	22.87	77.7	408.7	47.56	55.21
2021-09-23	130.81	86.11	44897.59	54.03	190.6	81.27	22.48	22.64	79.79	408.03	47.59	57.08
2021-09-24	130.5	85.93	42848.92	54.22	194.35	80.7	22.08	22.39	80.48	407.08	47.72	57.59
2021-09-27	130.4	85.83	42171.76	54.66	193.65	78.76	21.66	22.66	81.66	405.27	47.42	59.3
2021-09-28	127.99	85.46	41026.07	54	198.6	77.27	20.7	22.43	80.7	398.62	46.83	59.92
2021-09-29	129.33	85.47	41522.16	53.49	193.4	78.35	20.52	21.46	80.93	400.41	46.81	59.88
2021-09-30	127.31	85.45	43824.43	53.28	194	78.52	20.72	22.02	78.5	390.74	46.46	58.82
2021-10-01	127.72	85.61	48165.76	53.86	204.05	79.21	20.74	22.51	80.82	392.43	45.68	60.93
2021-10-04	126.61	85.55	49245.54	53.47	200.35	79.36	19.73	22.62	81.42	387.01	45.24	61.72
2021-10-05	128.13	85.34	51493.99	53.95	191.9	79.48	20.45	22.58	80.74	393.43	45.54	61.62
2021-10-06	127.49	85.38	55339.48	53.98	193.45	81.18	20.7	22.51	81.11	394.25	45.87	60.49
2021-10-07	127.34	85.14	53797.82	54.18	197.9	80.92	21.08	22.63	82.87	404.7	46.41	60.66
2021-10-08	126.88	84.93	53963.82	53.81	201.35	80.21	20.83	22.68	83.35	408.46	46.55	62.18
2021-10-11	127.96	84.8	57487.44	53.44	204.25	77.83	20.7	22.64	82.86	404.99	46.51	61.56
2021-10-12	126.81	85.11	56005.1	52.17	213.15	78.87	20.67	22.49	83.06	403.24	46.46	61.24
2021-10-13	125.7	85.34	57367.32	52.26	208.65	80.19	20.94	23.15	81.84	403.55	46.12	61.07
2021-10-14	126.81	85.49	57359.51	53.9	209.25	81.46	21.75	23.46	82.23	420.36	46.62	62
2021-10-15	126.76	85.28	61695.39	54.46	203.4	81.67	21.86	23.33	82.22	428.07	46.85	62.59
2021-10-18	126.05	85.23	62042.41	54.47	201.6	80.99	22.22	23.24	81.3	424.62	47.23	62.56
2021-10-19	126.5	84.99	64303.14	55.21	204.25	82.03	22.29	23.86	81.34	424.38	48.23	63.5
2021-10-20	128.34	84.89	66026.54	55.37	205.55	83.92	22.1	24.42	79.82	435.09	48.67	63.85
2021-10-21	126.77	84.77	62204.02	56	203.3	83.81	22.69	24.15	79.63	442.28	48.94	62.69
2021-10-22	128	84.95	60687.64	49.46	199.85	84.42	22.73	24.43	78.68	449.16	49.45	63.12
2021-10-25	129	84.99	63083.54	49.41	202.55	84.29	23.17	24.57	78.05	449.49	50.02	64.35
2021-10-26	128.32	85.16	60337.62	48.28	208.1	85.47	24.72	24.09	77.04	454.64	49.58	65.84
2021-10-27	124.9	85.47	58455.47	47.89	201.35	85.01	24.45	24.19	76.42	453.48	49.18	64.13
2021-10-28	126.22	85.36	60591.65	48.08	199.95	86.42	24.94	24.12	76.64	455.44	49.48	64.31
2021-10-29	123.67	85.38	62276.72	49	203.95	85.33	25.57	23.94	76.9	460.47	49.81	64.47
2021-11-01	123.51	85.18	60949.54	49.55	208.7	85.59	25.83	24.06	78.37	454.11	49.93	65.63
2021-11-02	125.18	85.34	63266.51	49.86	208.05	85.42	26.4	23.5	77.61	452.04	49.91	64.82
2021-11-03	126.12	85.19	62935.41	50.39	209.3	85.24	26.6	23.23	77.38	457.33	50.06	63.93
2021-11-04	117.1	85.58	61444.5	50.31	208.6	84.76	29.8	23.91	77.71	456.76	50.43	64.41
2021-11-05	117.16	85.84	61006.15	50.92	203.55	85.53	29.75	24.15	81.31	455.81	50.08	65.02
2021-11-08	117.06	85.65	67554.84	51.55	199.65	84.59	30.8	24.54	80.41	462.62	49.76	65.72
2021-11-09	115.19	85.89	66944.66	51.2	205.9	84.94	30.66	24.31	79.6	464.35	49.93	66.36
2021-11-10	114.11	85.31	64912.2	50.76	204	85.2	29.46	24.77	78.55	459.9	49.48	64.19
2021-11-11	114.66	85.17	64807.59	50.53	210.9	85.37	30.39	25.3	77.57	457.39	49.5	64.31
2021-11-12	114.71	85.18	64147.9	50.31	219.7	86.31	30.39	25.34	76.21	458.99	49.25	63.82
2021-11-15	114.8	84.83	63624.59	50.32	222.75	87.34	30.03	25.11	76.43	450.8	48.97	64.37
2021-11-16	115.35	84.77	60107.98	50.61	222.05	86.98	30.2	24.94	76.53	449.62	47.72	65.02
2021-11-17	113.23	84.95	60351.51	50.23	232.6	87.78	29.26	25.17	75.66	448.95	47.31	64.31
2021-11-18	113.06	85.05	56898	49.68	228.95	87.6	31.68	24.9	74.93	449.47	47.72	63.61
2021-11-19	111.94	85.23	58122.16	49.52	233.3	88.31	32.99	24.78	74.17	440	47.46	60.67
2021-11-22	113.55	84.81	56280.81	49.83	231.35	87.36	31.96	24.3	75.37	437.54	48.26	61.51
2021-11-23	114.9	84.47	57566.85	49.1	242.55	87.31	31.75	23.43	76.51	447.13	48.6	63.13
2021-11-24	114.7	84.67	57162.66	49.76	246.3	87.21	32.67	23.5	76.33	450.16	48.85	63.48
2021-11-26	115.12	85.27	53757.67	48.78	243.85	86.09	31.5	23.11	72.73	439.91	48.3	61.25
2021-11-29	113.14	85.26	57838.06	50	233.85	88.66	33.38	22.8	73.2	452	47.54	61.59
2021-11-30	108.72	85.42	56987.97	49.2	233.25	86.78	32.68	22.76	70.04	444.22	46.88	59.84
2021-12-01	107.13	85.34	57226.5	48.6	234.2	87.84	31.44	22.3	68.07	444.34	45.71	59.79
2021-12-02	109.68	85.35	56521.46	49.5	237.45	88.62	32.13	22.28	70.18	446.02	45.16	61.28
2021-12-03	108.32	85.68	53638.04	49.25	244.05	88.03	30.69	22.44	69.98	449.32	45.84	60.89
2021-12-06	109.78	85.45	50529.56	50.99	250.2	89.15	30.04	22.23	72.99	460.11	46.33	61.58
2021-12-07	110.24	85.26	50625.48	52.57	243.9	90.41	32.43	22.49	72.92	464.73	46.18	62.27
2021-12-08	109.02	85	50519.68	51.75	244.75	90.32	31.83	22.39	73.5	468.86	45.72	62.45
2021-12-09	107.67	85.04	47568.43	50.48	240.35	89.91	30.49	21.97	73.87	473.32	46.17	62.61
2021-12-10	108.02	85.07	47170.94	50.59	232.7	90.28	30.2	22.16	73.67	478.23	47.01	63.01
2021-12-13	108.2	85.36	46727.89	50	236.7	91.74	28.16	22.29	73.38	478.14	47.86	61.63
2021-12-14	110.71	85.22	48367.43	49.7	237.15	90.03	28.34	21.89	73.52	479.46	48.31	61.54
2021-12-15	113.52	85.11	48884.78	50.67	237.4	92	30.46	21.51	74.57	494.38	48.59	61.27
2021-12-16	115.82	85.22	47634.22	50.83	236.95	92.23	28.39	22.45	74.01	492.86	47.78	61.37
2021-12-17	114.14	85.37	46166.5	50.62	235.9	90.94	27.8	22.51	72.11	487.12	46.25	60.03
2021-12-20	112.31	85.23	46926.07	49.6	224.4	89.94	27.72	22.27	71.21	483.73	46.4	59.16
2021-12-21	113.32	85.14	48914.7	50.77	228.25	90.45	29.08	22.5	74.49	487.21	46.54	60.5
2021-12-22	113.42	85.23	48608.62	50.97	233.55	90.8	29.4	22.79	75.27	494.13	46.6	60.99
2021-12-23	114.13	84.83	50842.2	51.31	231.2	90.7	29.64	22.93	76.65	495.38	46.5	61.02
2021-12-27	116.08	84.87	50717.77	51.94	227.05	91.32	30.95	22.98	77.51	499.5	46.92	61.89
2021-12-28	117.09	84.86	47543.09	51.76	225.6	91.88	30.32	23.11	78.32	502.94	47.59	61.69
2021-12-29	117.95	84.58	46471.24	51.83	228.9	91.99	30	22.85	77.94	505.58	47.57	61.15
2021-12-30	117.68	84.77	47122.08	51.74	228.85	92.77	29.59	23.03	78	504.43	47.72	60.79
2021-12-31	117.65	84.75	46211.24	51.5	226.1	93.36	29.41	23.33	78.55	502.14	48.23	61.19
2022-01-03	118.27	84.18	46459.56	53.21	223.3	91.66	30.12	22.79	78.95	502.28	48.22	63.54
2022-01-04	121.13	84.17	45814.61	53.14	231.75	90.68	29.29	23.04	80.88	490.9	47.33	65.93
2022-01-05	121.02	83.88	43436.04	53.87	231.75	89.73	27.6	23.15	80.2	489.69	47.97	66.75
2022-01-06	122.4	83.79	43083.76	54.01	231.7	85.77	28.18	22.17	79.67	469.65	47.84	68.32
2022-01-07	125.95	83.56	41565.18	53.44	238.45	86.41	27.25	22.39	80.46	458.6	48.3	68.88
2022-01-10	123.54	83.49	41824.07	55.21	234.9	84.29	27.4	22.45	79.31	465	48.2	68.47
2022-01-11	123.82	83.66	42753.44	55.91	237.05	84.79	27.82	22.81	78.43	469	48.07	71.35
2022-01-12	123.79	83.63	43920.37	55.74	240.85	85.09	28	23.2	78.19	473.72	47.81	71.14
2022-01-13	124.16	83.77	42581.65	54.94	237	84.9	26.58	23.16	80.42	467.43	48.49	70.63
2022-01-14	124.08	83.31	43090.72	55.7	239.65	83.2	26.94	22.91	79.79	468.69	48.35	71.87
2022-01-18	123.22	82.79	42369.74	54.76	239.6	81.25	25.9	23.49	78.92	460.99	47.51	73.08
2022-01-19	120.93	82.99	41674.27	53.62	244.45	82.59	25.07	24.23	77.69	462.52	47.98	73.11
2022-01-20	119.49	83.08	40670.97	52.04	243.65	83.51	24.15	24.71	78.03	463	47.07	73.27
2022-01-21	119.41	83.39	36456.94	52.04	237.9	82.6	23.37	24.31	77.41	461.17	46.73	72.17
2022-01-24	121.92	83.26	36693.32	51.94	232.95	81.92	23.37	23.8	77.17	462.27	46.73	72.79
2022-01-25	121.93	83.15	36980	51	237.9	75.1	22.32	23.9	77.07	456.84	45.72	74.93
2022-01-26	120.3	82.69	36840.63	51.69	238.9	72.64	22.77	23.81	77.06	458.43	45.25	74.17
2022-01-27	120.25	82.96	37188.37	48.05	232.05	72.51	21.94	22.67	76.66	461.6	45.28	75.12
2022-01-28	120.86	83.06	37741.9	47.73	235.9	72.5	22.84	22.3	77.63	466.06	45.84	75.28
2022-01-31	120.67	83	38491.93	48.82	235.1	78.12	24.49	22.4	78.15	472.57	46.6	75.96
2022-02-01	118.72	82.83	38716.88	48.95	236.7	77.23	24.64	22.6	79.46	468.41	46.97	80.83
2022-02-02	117.69	82.95	36923.39	49.51	238.8	77.73	25.24	22.71	79.99	479.78	46.95	80.62
2022-02-03	121.67	82.6	37329.91	48.28	243.9	75.77	23.95	22.38	79.23	488.77	47	79.68
2022-02-04	122.12	82.09	41614.64	48.01	241.85	76.01	24.32	22.48	78.76	483.17	46.44	81.41
2022-02-07	124.76	82.16	43868.07	48.18	241.65	75.68	24.73	23.08	79.92	483.7	45.99	82.39
2022-02-08	127.18	81.89	44085.59	48.81	248.95	75.46	25.11	23.19	81.34	493.41	46	80.26
2022-02-09	124.68	81.95	44416.35	49.91	258.35	76.66	26.71	23.34	81.39	498.1	45.9	79
2022-02-10	123.28	81.2	43527.71	48.86	255.2	75.45	25.82	23.52	82.94	486.72	45.36	78.24
2022-02-11	123.38	81.73	42386.47	47.63	251.65	74.96	23.95	23.37	82.57	478.13	45.11	80.21
2022-02-14	124.8	81.27	42548.71	47.58	247.55	74.92	24.27	23.84	81.99	474.4	44.65	78.98
2022-02-15	124.21	81.1	44583.52	48.44	251.85	75.09	26.5	23.34	84.35	478.23	44.79	77.99
2022-02-16	123.48	81.21	43895.56	48.23	252.25	75.23	26.51	23.6	85.57	480.05	44.51	78.35
2022-02-17	122.64	81.39	40536.73	47.57	251.5	75.38	24.51	23.87	84.26	470.34	46.29	78.23
2022-02-18	125.89	81.53	39983.56	45.04	246.85	74.15	23.64	23.99	83.55	467.81	46	77.36
2022-02-22	125.09	81.48	38251.48	44.69	248.45	73.78	23.39	24.31	84.24	462.51	45.48	76.46
2022-02-23	123.28	81.07	37268.19	44.65	248.6	72.32	22.39	24.56	84.09	459.62	45.02	76.77
2022-02-24	120.82	81.25	38347.3	46.72	239.35	75.44	23.75	24.69	84.96	455.89	44.84	75.8
2022-02-25	124.17	81.32	39238.48	47.71	240.05	77.16	24.16	24	87.25	475.75	45.46	77.84
2022-02-28	122.36	81.92	43192.66	47.7	234.25	78.27	24.39	24.36	87.1	475.87	45.05	78.42
2022-03-01	119.86	82.22	44439.95	46.82	237.25	77.44	23.48	25.53	86.15	476.25	45.33	79.17
2022-03-02	123.88	81.21	43912.34	48.87	230.45	77.55	24.22	25.18	88.37	485.38	45.39	80.53
2022-03-03	125.68	81.57	42464.41	47.93	224.15	78.79	23.71	25.2	87.08	486.59	46.43	81.04
2022-03-04	127.55	81.86	39166.51	48.07	224.15	80.21	22.94	25.78	84.96	498.65	47.61	84.09
2022-03-07	125.17	81.46	37994	47.68	225.5	84.18	21.35	25.71	77.75	486.87	47.22	87.12
2022-03-08	122.03	81.08	38749.38	47.5	234.05	81.95	21.51	26.89	75.31	473.46	46.25	87.78
2022-03-09	122.42	80.86	41953.97	47.63	230.45	80.32	23.01	25.76	79.76	485.57	46.49	82.79
2022-03-10	122.91	80.43	39433.71	46.66	225.2	80.16	22.66	26.2	79.98	491.44	47.54	85.36
2022-03-11	123.38	80.37	38732.04	45.83	222.95	79.3	22.1	26.11	77.82	482.87	47.36	84.92
2022-03-14	125.88	79.63	39674.17	44.4	219.65	79.28	21.33	25.24	76.76	487.92	48.02	81.88
2022-03-15	127.13	79.76	39298.1	44.81	212.3	81.98	22.97	25.12	77.79	497.91	48.59	77.22
2022-03-16	126.49	79.88	41127.97	46.63	218.6	82.51	24.5	24.67	80.08	498.26	48.45	76.93
2022-03-17	130.92	79.95	40950.33	47.14	217.3	82.69	24.77	25.58	79.75	507.02	48.34	78.98
2022-03-18	133.5	80.18	41774.98	47.45	220.3	82.37	26.45	25.06	81.24	506.12	48.48	78.67
2022-03-21	134.53	79.36	41017.71	47.39	225.85	81.8	26.73	25.28	80.75	507.66	48.08	82.2
2022-03-22	137.04	79.16	42378.26	48.39	225.05	82.85	26.52	24.89	81.11	505.32	47.93	81.84
2022-03-23	137.05	79.52	42899.71	48.27	225.3	82.57	25.63	25.17	80.43	503.23	47.32	83.13
2022-03-24	138.75	79.42	44012.29	51.62	221.85	83.7	28.15	25.9	81.53	513.46	47.61	83.38
2022-03-25	141.8	78.72	44331.85	51.83	221.85	83.94	27.69	25.59	80.91	513.03	47.82	85.2
2022-03-28	140.6	78.95	47144.92	51.51	214.55	84.43	28.22	25.18	80.94	513.2	48.67	82.81
2022-03-29	139.59	79.3	47454.19	52.25	215.7	84.62	28.66	24.72	83.1	510.73	49.08	82.37
2022-03-30	140.39	79.48	47078.03	51.43	221.85	85.5	27.69	25.1	82.99	520.82	49.96	83.78
2022-03-31	138.51	79.54	45528.45	49.56	226.4	84.71	27.29	25.12	81.65	509.97	49.64	82.59
2022-04-01	139.54	79.17	46296.34	48.11	228.4	85.71	26.71	24.64	82.41	512.59	50.34	83.12
2022-04-04	137.09	79.23	46596.83	49.2	230.6	85.62	27.36	24.58	82.88	510.02	50.35	83.16
2022-04-05	137.24	78.43	45506.5	48.13	231.3	86.33	25.93	24.53	82.5	517.76	50.49	82.73
2022-04-06	139.02	78.19	43166.7	47.54	227.6	86.49	24.41	24.45	83.04	531.75	51.66	83.65
2022-04-07	140.41	78.03	43452.18	47.56	226.15	87.08	24.21	24.73	83.68	536.95	52.18	85.05
2022-04-08	141.93	77.61	42262.02	47.02	231.65	86.09	23.12	24.82	85.57	545.96	52.47	86.84
2022-04-11	142.9	77.25	39535.87	46.57	236.6	84.58	21.92	24.98	84.71	537.44	51.43	83.85
2022-04-12	142.12	77.5	40086.23	46.5	233.6	83.89	21.5	25.73	84.57	533.71	51.08	85.6
2022-04-13	141.88	77.59	41146.68	47.01	225.05	83.55	22.2	26.02	86.67	537	52.41	86.81
2022-04-14	141.16	77.06	39954.08	45.67	223.6	82.81	21.26	25.69	86.27	534.82	52.36	87.83
2022-04-18	139.73	76.81	40803.58	46.64	223.5	81.71	21.78	26.14	85.91	534.08	51.96	88.55
2022-04-19	141.74	76.33	41503.85	47.93	221.3	81.83	22.2	25.39	88.1	537.7	52.55	87.76
2022-04-20	143.86	76.81	41377.61	48.11	218.8	81.51	21.48	25.27	89.1	546.01	53.21	87.96
2022-04-21	141.13	76.4	40480.81	47.5	228.15	76.18	20.18	24.62	89.74	537.44	53.29	87.03
2022-04-22	132.07	76.3	39712.25	46.54	227.3	73.95	19.52	24.26	88.8	520.94	52.29	85.13
2022-04-25	131.82	76.78	40439.22	47.06	220.8	74.04	19.9	23.67	89.74	524.27	52.31	82.26
2022-04-26	128.98	76.98	38113.82	45.52	221.4	73.57	18.79	23.54	87.65	513.78	51.77	82.29
2022-04-27	128.37	76.74	39251.11	45.22	215.95	73.27	18.42	23.46	87.72	513.81	51.41	84.64
2022-04-28	130.34	76.71	39743.22	46.84	217.9	73.49	19.78	23.13	88.32	524.42	52.07	87.2
2022-04-29	126.54	76.19	38593.1	43.59	222.55	71.02	18.55	23.04	85.48	508.55	51	85.25
2022-05-02	127.73	75.66	38510.89	44.96	216.4	69.87	19.53	22.54	85.14	501.15	50.66	86.41
2022-05-03	129.78	75.84	37719.59	45.06	218.2	70.76	19.6	22.62	85.76	499.62	50.84	88.19
2022-05-04	133.68	76.33	39669.56	46.54	221.2	73.06	20.33	22.36	86.2	507.62	51.54	91.7
2022-05-05	131.58	75.57	36537.22	44.6	218.4	71.84	18.84	22.4	83.63	494.72	50.91	90.31
2022-05-06	130.56	75.25	35999.1	44.3	211.6	72.47	18.68	22.33	82.48	499.62	49.85	91.69
2022-05-09	128.96	75.59	30078.27	43.07	206.3	70.71	16.95	21.78	81.08	486.42	50.44	84.46
2022-05-10	129.59	75.81	31002.39	44.01	204	69.99	17.6	21.39	86.05	488.01	49.73	85.02
2022-05-11	128.55	76.07	28972.34	42.83	220.1	70.2	16.63	21.55	84.06	486.15	49.21	86.79
2022-05-12	127.55	76.22	28941.95	42.84	215	68.51	16.18	20.76	82.61	478.8	49.16	86.3
2022-05-13	128.19	75.94	29232.18	43.6	212.9	69.8	17.71	20.98	84.73	485.4	49.35	88.86
2022-05-16	127.25	76.06	29839.89	43.08	225.8	70.12	17.26	21.53	84.54	489.22	49.4	90.95
2022-05-17	129.21	75.61	30412.12	44.4	228.2	72.02	18.18	21.74	85.92	492.53	43.78	92.11
2022-05-18	128.01	75.93	28672.94	42.35	218.6	71	16.94	21.53	80.71	471.38	40.81	90.65
2022-05-19	125.79	76.09	30274.59	42.01	218.7	70.46	17.12	21.9	79.08	478.55	39.69	91.14
2022-05-20	123.03	76.32	29155.75	41.65	215.85	71.22	16.69	21.67	76.98	485.73	39.73	91.86
2022-05-23	125.66	76.05	29082.52	42	215.75	72.55	16.9	21.72	78.59	492.08	40.87	93.89
2022-05-24	128.83	76.67	29626.44	41.67	213.65	74.67	16.15	22.06	77.11	497.56	41.38	94.4
2022-05-25	130.95	76.98	29503.49	42.2	217.05	74.79	16.98	21.86	79.14	498.09	41.12	96.3
2022-05-26	133.69	76.9	29166.06	43.48	226.6	75.04	17.85	21.94	82.84	502.23	42	96.64
2022-05-27	136.89	77.12	28598.31	44.55	229.45	77.43	18.81	22.06	84.48	507.11	42.83	97.59
2022-05-31	136.69	76.68	31784.05	44.42	231.25	75.69	18.67	21.65	84.18	496.78	42.88	96
2022-06-01	134.7	76.19	29788.79	44.11	239.45	76.17	18.32	21.88	83.25	492.55	41.82	97.84
2022-06-02	134.15	76.26	30433.75	44.84	238.25	78.52	19.59	22.25	84.32	492.26	42.5	97.67
2022-06-03	131.97	76.15	29670.85	43.39	232.4	78.69	18.72	21.89	84.25	485.61	41.77	99.09
2022-06-06	132.35	75.7	31343.61	43.34	237.55	80.19	18.79	22.07	84.72	490.18	41.62	98.84
2022-06-07	132.54	75.96	31106.9	43.53	232.15	79.78	18.93	22.16	85.11	497.1	41.12	103.37
2022-06-08	131.06	75.65	30177	41.23	231.85	78.49	18.65	22.07	85.16	493.53	40.77	104.59
2022-06-09	127.86	75.55	30079.62	40.01	234.65	77.34	18.05	21.8	82.49	489.43	40.34	102.33
2022-06-10	124.59	74.91	29063.11	39.18	228.9	75.91	16.97	21.91	81.91	484.63	40.57	100.46
2022-06-13	123.1	73.7	22460.97	37.77	223.35	72.41	15.65	21.24	79.72	469.7	39.8	95.85
2022-06-14	121.99	73.3	22120.25	37.93	226.95	71.48	15.84	20.94	80.14	461.75	39.82	96.1
2022-06-15	121.67	74.14	22562.33	38.65	228.5	74.19	16.53	21.4	80.78	464.33	39.79	94.89
2022-06-16	119.53	74.3	20372	37.34	231.95	70.87	15.6	21.87	78.44	456.09	40.21	91.39
2022-06-17	120.56	74.34	20447.86	36.97	227.65	70.81	15.88	21.57	78.77	452.06	39.43	86.12
2022-06-21	121.8	74	20696.96	37.73	233.1	72.73	16.57	21.75	80.07	480.32	40.72	91.48
2022-06-22	122.07	74.61	19968.46	37.38	238.6	74.69	16.36	21.41	78.3	489.68	40.23	87.86
2022-06-23	121.81	74.97	21104.45	37.41	232.45	77.2	16.23	21.03	80.83	499.81	41.21	85.21
2022-06-24	127.16	74.83	21223.72	38.61	226.6	78.02	17.13	21.12	85.57	495.64	41.24	86.9
2022-06-27	126.19	74.47	20725.17	38.63	226	77.89	16.87	21.16	86.1	505.66	41.37	89.03
2022-06-28	125.7	74.51	20252.89	37.78	221.9	76.44	15.98	20.8	85.05	508.44	40.79	91.5
2022-06-29	125.42	74.94	20094.79	37.29	232.65	76	15.54	20.67	85.3	515.71	40.64	88.12
2022-06-30	126.73	75.26	19985.62	37.41	233.6	77.46	15.16	20.28	84.71	513.63	40.53	85.64
2022-07-01	130.7	75.71	19252.76	36.34	228.45	80.56	14.52	19.6	86.32	517.4	40.88	87.55
2022-07-05	128.9	75.84	20153.51	36.69	224.65	79.11	14.96	19.05	85.2	505.24	41.42	84.81
2022-07-06	131.14	75.38	20542.67	36.99	222.5	79.57	15.13	19.08	84.82	515.29	41.71	83.28
2022-07-07	131.2	75.17	21614.6	38.14	222.2	80.38	15.86	19.12	86.05	514.38	41.77	85.94
2022-07-08	130.87	74.92	21582.2	37.99	222.9	80.25	15.84	19.17	86.15	518.63	41.8	86.08
2022-07-11	130.33	75.2	19942.43	37.2	216.9	80.68	15.15	19.07	86.34	516.95	41.82	85.64
2022-07-12	128.03	75.33	19303.65	37.21	209.25	79.95	15.08	18.9	86.39	514.42	41.69	84.5
2022-07-13	126.86	75.57	20220.23	37.21	211.25	80.26	15.16	19.14	86.27	501.24	41.79	84.84
2022-07-14	120.92	75.33	20577.02	37.71	199.2	80.13	15.37	18.17	86.74	502.43	42.61	83.14
2022-07-15	122.4	75.6	20827.55	38.62	203.7	78.71	15.76	18.55	87.62	529.75	43.02	84.54
2022-07-18	119.77	75.37	22427.56	38.71	219.1	77.51	16.1	18.79	86.35	519.37	42.92	86.1
2022-07-19	122.63	75.31	23395.06	40.22	220.4	78.93	16.99	18.67	87.36	533.45	43.19	88.27
2022-07-20	122.34	75.24	23226.99	40.56	218.15	78.32	17.81	18.64	88.23	519.47	43.55	89.24
2022-07-21	115.9	75.86	23153.96	40.61	215.85	78.87	18.05	18.69	86.92	522.46	44.18	87.75
2022-07-22	116.2	76.48	22687.68	39.2	206.7	80.25	17.32	18.58	86.86	521.41	44.07	87.08
2022-07-25	116.72	76.2	21313.41	39.16	210.05	80.98	17.02	18.29	87.86	529.47	44.01	89.98
2022-07-26	115.12	76.22	21261.57	38.96	213.2	79.91	16.53	18.49	86.18	531.59	40.66	89.63
2022-07-27	116.98	76.43	22962.59	40.18	219.1	80.38	17.79	18.55	86.37	534.61	42.2	91.57
2022-07-28	115.74	76.96	23851.7	39.71	218.4	84.54	17.98	19.83	87.28	541.49	43.25	92.64
2022-07-29	116.97	76.9	23784.5	36.31	217.2	84.49	18.16	20.16	84.9	542.34	44.02	96.93
2022-08-01	116.16	77.08	23273.86	36.96	213.2	85.31	18.44	20.32	86	535.38	44.18	94.48
2022-08-02	115.7	76.3	22989.4	36.01	209.9	85.67	18.53	20.1	85.41	535.46	44.23	94.07
2022-08-03	115.06	76.68	22825	36.52	214.65	86.46	18.89	19.86	86.4	540.65	43.5	91.02
2022-08-04	113.92	76.87	22623.94	35.66	219.3	87.98	19.22	20.1	86.29	533.75	41.86	87.19
2022-08-05	117	76	23320.81	35.39	209.45	87.98	18.99	19.82	86.25	535.06	42.19	88.45
2022-08-08	118.29	76.34	23815.65	35.38	211.85	87.52	17.79	20.59	86.74	536.6	42.54	88.95
2022-08-09	119.74	76.17	23158.27	34.52	212.75	88.92	17.09	20.46	82.34	537.26	42.96	90.59
2022-08-10	123.79	76.38	23962.18	35.37	220.45	89.78	18.1	20.72	81.72	537.72	43.05	91.45
2022-08-11	126.94	75.95	23944.86	35.59	223.95	89.43	17.94	20.33	82.26	532.86	43.27	93.19
2022-08-12	129.44	76.3	24415.18	36.11	226.6	90.47	18.71	20.68	84.77	543.7	44.07	94
2022-08-15	127.76	76.38	24097.82	36.34	225.5	91	19.03	20.25	85.16	544.64	44.2	92.32
2022-08-16	129.73	76.28	23857.93	36.19	219.35	90.53	18.88	20.07	86.3	546.12	46.46	91.46
2022-08-17	132.04	75.83	23341.17	35.78	217.45	90.2	18.34	19.71	85.57	545	46.51	92.2
2022-08-18	133.02	75.97	23189.46	36.2	214.7	90.24	18.77	19.45	86.32	545.22	46.36	94.38
2022-08-19	130.2	75.49	20834.94	35.38	215.95	89.71	17.85	19.06	86.68	548.32	45.67	94.08
2022-08-22	125.55	75.15	21398.25	33.84	224.3	88.54	17.03	18.87	84.87	544.57	44.86	94.01
2022-08-23	125.5	75.12	21528.34	33.95	230.65	87.98	17.18	19.01	85.28	535.8	44.67	98
2022-08-24	126.96	74.93	21367.12	33.86	242.95	88.71	17.22	18.9	86.05	536.46	44.99	98.58
2022-08-25	128	75.34	21561.86	34.89	243.4	89.39	17.91	19.11	86.39	541.57	45.29	99.09
2022-08-26	125.05	75.19	20240.72	33.36	242	88.06	16.26	18.74	83.63	529.25	43.87	97.87
2022-08-29	124.09	74.85	20286.97	32.94	240.5	87.02	15.8	18.56	83.08	529.77	44.29	100.12
2022-08-30	122.34	74.91	19813.17	32.26	239.15	85.7	15.47	18.16	82.6	522.84	44.16	96.31
2022-08-31	120.5	74.6	20048.26	31.92	239.1	85.06	15.09	17.76	82.22	519.33	44.18	95.59
2022-09-01	121.39	74.04	20133.65	31.76	236.35	86.26	13.94	17.55	81.85	524	44.83	93.87
2022-09-02	121.48	74.23	19953.74	31.22	232.65	85.11	13.65	17.78	80.78	516.35	44.33	95.59
2022-09-06	121.49	73.56	18790.91	30.36	233.9	87.37	13.47	17.8	80.43	517.68	44.11	94.95
2022-09-07	125.12	74.09	19293.52	30.65	226.9	90.24	13.71	18.14	82.9	521.68	45.25	94.14
2022-09-08	126.93	73.86	19321.87	30.75	225.85	90.27	13.99	18.33	83.04	527.51	45.48	94.91
2022-09-09	126.44	73.83	21364.5	31.46	231.5	89.9	14.39	18.66	83.89	524.34	45.61	96.5
2022-09-12	127.1	73.74	22402.71	31.56	227.75	90.81	14.51	19.75	84.24	531.25	46.02	97.61
2022-09-13	122.54	73.37	20174.78	29.29	223.95	88.86	13.13	19.39	80.66	513.96	45.07	95.33
2022-09-14	124	73.46	20227.77	29.18	217.6	88.88	13.13	19.47	79.41	509.77	44.97	97.67
2022-09-15	129.02	73.24	19703.67	28.84	219.15	86.01	12.93	19.17	79.66	522.91	44.49	94.83
2022-09-16	129.42	73.16	19801.04	29.24	218.05	84.79	13.2	19.3	78.19	521.02	44.4	93.21
2022-09-19	132.08	73.11	19540.38	29.44	224.05	86.84	13.38	19.27	79.79	523.55	44.78	93.2
2022-09-20	130.08	72.75	18876.91	28.96	228.1	85.69	13.18	19.1	79.53	522.8	44.52	92.44
2022-09-21	127.85	72.95	18462.64	28.47	221.3	83.97	13.26	19.41	78.45	512.08	44.92	90.95
2022-09-22	127.97	72.2	19401.25	28.07	223.55	83.54	12.56	19.55	77.38	517.46	44.46	90.57
2022-09-23	127.62	72	19286.01	27.52	220.45	82.52	12.52	18.84	74.92	513.61	43.35	85.75
2022-09-26	123.93	71.08	19228	26.97	223.8	81.15	12.23	18.41	73.62	508.36	43.77	83.98
2022-09-27	123.82	70.77	19077.57	26.89	224.35	81.08	12.41	18.26	72.98	508.37	43.65	85.74
2022-09-28	126.41	71.87	19412.07	27.13	228.7	82.37	12.74	18.8	73.76	513.94	44.37	88.86
2022-09-29	126.13	71.5	19595.57	26.38	225.7	79.97	12.22	18.61	71.48	508.83	44.08	88.68
2022-09-30	124.53	71.33	19426.11	25.77	221.55	78.41	12.14	18.96	70.71	505.04	43.23	87.31
2022-10-03	128.28	71.77	19633.46	26.97	215.75	81.19	12.51	20.52	72.09	515.51	44.18	91.92
2022-10-04	132.81	71.95	20345.19	27.7	219.3	82.82	13.17	21.04	75	523.17	44.75	95.27
2022-10-05	133	71.57	20161.62	27.64	224.65	81.77	13.21	20.48	75.5	527.07	44.31	99.12
2022-10-06	130.54	71.3	19965.64	27.18	217.7	78.91	13.13	20.59	73.27	519.13	43.89	102.06
2022-10-07	130.64	70.93	19533.05	25.72	218.1	76.73	12.08	20.19	72.19	504.85	42.85	101.03
2022-10-10	131.39	70.61	19132.83	25.2	217.45	76.74	11.67	19.56	72.8	498.86	43.11	98.84
2022-10-11	132.97	70.63	19058.11	25.04	217.85	76.03	11.59	19.43	73.46	499.81	44.22	98
2022-10-12	131.13	70.71	19155.92	25.33	209.75	72.75	11.5	18.88	72.91	499.96	43.72	98.43
2022-10-13	134.96	70.46	19378.65	26.42	202.15	73.09	11.96	18.86	74.47	509.91	44.09	101.87
2022-10-14	132.44	70.12	19178	25.91	196.7	71.77	11.23	18.01	73.74	513.13	43.48	99.19
2022-10-17	133.5	70.27	19550.4	26.42	195.55	73.65	11.89	18.67	75.58	521.88	43.79	100.62
2022-10-18	137.38	70.43	19328.76	25.87	195.1	75.06	11.97	18.57	77	522.21	44.71	100.8
2022-10-19	135.15	69.85	19124.18	26	192.3	73.64	12.05	18.34	77.45	520.32	44.59	103.79
2022-10-20	117.71	69.38	19042.48	26.08	191.05	70.64	12.19	18.67	77.2	520.88	44.7	103.93
2022-10-21	120.08	69.5	19166.45	26.97	190.9	71.65	12.47	19.04	80.05	533.73	45.6	105.86
2022-10-24	124.87	69.4	19330.41	27.18	190.4	73.28	12.6	19.17	81.51	541.6	46.47	106.6
2022-10-25	124.65	70.06	20086.28	27.41	185.8	75.86	13.26	19.34	82.52	540.22	46.69	105.88
2022-10-26	124.27	70.34	20775.4	27.21	179.75	75.6	12.9	19.48	83.55	543.17	47.05	107.14
2022-10-27	122.57	70.71	20296.97	26.27	178.85	75.47	13.18	19.48	83.75	541.8	46.91	107.55
2022-10-28	126.39	70.57	20597.91	29.07	169.8	79.03	13.83	19.15	85.98	551.24	47.5	110.7
2022-10-31	126.25	70.35	20489.94	28.43	177.7	77.5	13.5	19.13	86.56	555.15	47.44	110.81
2022-11-01	125.75	70.26	20479.63	28.3	174.6	77.71	13.54	19.67	84.11	547.31	47.23	111.91
2022-11-02	123.34	70.15	20151.4	27.42	182.15	77.28	13.22	19.6	81.45	543.43	46.92	109.61
2022-11-03	123.96	69.88	20206.88	27.39	172.2	78.18	13.42	19.44	81.25	543.61	46.91	111.1
2022-11-04	129.12	69.9	21144.2	28.2	175.75	78.8	14.16	20.79	82.25	538.17	46.99	112.31
2022-11-07	128.82	69.63	20593.49	28.41	170.55	77.29	14.3	20.9	83.22	545.02	47.48	113.64
2022-11-08	130.26	69.94	18550.25	28.48	166.45	78.27	14.6	21.48	83.42	553.05	47.6	114
2022-11-09	127.94	70.04	15891.96	27.52	165.15	78.2	13.78	21.3	82.96	540.66	46.49	108.9
2022-11-10	130.19	71.49	17553.89	29.76	171	83.2	15.75	21.68	84.24	544.17	47.45	110.5
2022-11-11	132.09	71.49	17013.62	30.43	170.1	83.31	16.33	21.65	84.47	522.08	47.53	113.95
2022-11-14	129.04	71.26	16590.73	30.35	166.2	81.66	16.3	22.09	84.64	513.75	46.13	113.37
2022-11-15	132.03	71.76	16877.93	30.71	156.75	82.91	16.67	21.5	83.45	503.01	49.15	114.13
2022-11-16	132.31	72.17	16645.24	29.53	155.45	84.32	15.91	21.5	84.31	511.52	49.5	112.91
2022-11-17	134.61	71.87	16680.47	29.89	152.7	82.35	15.68	20.95	84.1	515.31	49.33	113.06
2022-11-18	132.74	71.75	16680.59	29.87	151.3	83.2	15.41	20.98	85.06	530	50.08	112.08
2022-11-21	134.26	71.75	15760.14	28.94	157.5	83.6	15.32	20.85	85.23	517.19	50.38	110.97
2022-11-22	133.87	72.12	16199.71	29.82	161.8	84.11	16.04	21.03	86.21	523.09	50.56	114.18
2022-11-23	134.35	72.56	16587	29.67	160.1	84.92	16.52	21.36	86.06	529.71	50.81	113.61
2022-11-25	135.42	72.56	16510.9	29.34	163.55	85.34	16.27	21.42	86.45	537.62	51.02	113.21
2022-11-28	132.72	72.47	16206.3	28.73	160.65	83.73	15.83	20.91	85.93	532.27	51.17	109.81
2022-11-29	133.38	72.2	16438	28.9	166.7	82.49	15.64	21.2	85.09	528	50.99	110.54
2022-11-30	133.9	72.76	17167.33	30.07	167.7	84.7	16.92	21.55	86.51	547.76	50.81	111.34
2022-12-01	132.01	73.2	16980.08	29.83	163.35	84.83	17.14	22.64	86.04	536.91	51.12	110.8
2022-12-02	130.85	73.5	17094.71	29.41	160.15	85.2	16.88	23.04	85.33	536.16	51.07	109.86
2022-12-05	128.44	72.92	16966.05	29.17	160.15	85.15	16.61	22.2	85.13	535.04	50.55	106.85
2022-12-06	130.31	73.16	17089.05	28.6	161.05	85.18	15.99	22.12	84.26	539.32	49.96	103.88
2022-12-07	130.11	73.8	16840	28.33	157.7	85.29	16.12	22.71	84.19	542.91	49.7	103.65
2022-12-08	130.03	73.59	17226.01	28.44	156.9	85.76	17.17	23.06	83.91	547.92	49.59	104.42
2022-12-09	128.55	73.16	17130.59	28.24	157.75	84.51	17	23.53	82.23	539.2	48.44	103.54
2022-12-12	128.83	73.16	17211.66	28.69	166.35	86.55	17.54	23.22	83.13	545.86	49.34	106.09
2022-12-13	130.32	73.66	17773.18	28.73	167.15	87.15	18.07	23.8	82.51	538.22	49.16	107.25
2022-12-14	129.9	73.84	17804.97	28.26	168.3	87.05	17.67	23.95	82.14	538.36	48.89	106.46
2022-12-15	132.29	73.88	17357.96	27.15	171.5	85.81	16.95	23.13	78.29	527.68	48.45	105.44
2022-12-16	131.19	73.69	16632.64	26.92	164.15	84.14	16.57	23.15	78.68	523.7	47.58	104.7
2022-12-19	130.99	73.25	16439.74	26.79	164.05	83.52	16.25	23.03	77.91	523.6	47.6	105.17
2022-12-20	133.68	72.77	16897.65	26.44	167.8	83.52	16.09	24.09	78.28	520.21	48.02	106.69
2022-12-21	134.64	72.94	16826.56	26.83	169.35	84.65	16.5	24.03	77.14	527.54	48.39	108.06
2022-12-22	135.43	72.93	16815.51	25.97	168.9	83.34	15.34	23.48	77.22	527.09	47.83	105.88
2022-12-23	136.37	72.53	16777.21	26.09	172	84.17	15.21	23.76	78.09	531.31	47.92	108.68
2022-12-27	136.02	71.97	16698.73	25.94	166.95	84	14.12	24.04	77.97	531.99	47.94	110.19
2022-12-28	135.43	71.87	16539.66	25.54	173.55	83.16	14.04	23.66	76.99	528.45	47.1	108.38
2022-12-29	136.42	72.14	16627.54	26.21	170.05	84.08	14.6	24.08	76.84	529.88	47.38	109.2
2022-12-30	135.6	71.84	16600.1	26.43	167.3	83.6	14.61	23.86	76.45	530.18	47.26	110.3
2023-01-03	136.66	72.22	16669.47	26.73	166.3	83.83	14.32	24.06	75.99	518.64	47.87	106.51
2023-01-04	138.96	72.63	16844.42	27.68	161.3	84.49	14.75	23.79	76.68	504.5	47.92	106.82
2023-01-05	139.34	72.55	16825.69	27.56	160.55	82.63	14.27	23.26	76.27	489.96	47.76	109.21
2023-01-06	141.37	73.35	16948.06	28.73	158.3	83.65	14.86	23.82	78.71	490	48.93	110.53
2023-01-09	140.01	73.55	17177.98	29.31	158.05	84.07	15.63	23.71	79.2	490.06	48.32	108.47
2023-01-10	141.26	73.26	17443.5	29.44	150.9	84.54	15.91	23.51	79.96	486	48.29	110.09
2023-01-11	138.23	73.65	17944.27	29.85	143.9	85	16	23.33	80.6	493.4	48.71	111.37
2023-01-12	137.07	74.22	18847.75	30.29	149.4	85.07	16.51	23.86	80.25	495.67	48.27	113.22
2023-01-13	138.97	73.97	19934.88	30.11	151.7	84.68	16.9	24.23	80.33	489.57	48.43	113.15
2023-01-17	135.52	73.87	21136.33	29.6	151.1	85.74	17.7	23.94	79.87	485.08	48.14	112.93
2023-01-18	132.43	74.55	20674.29	28.81	155	83.8	17.38	23.53	77.3	476.24	46.95	110.61
2023-01-19	124.64	74.4	21084.22	28.42	154.6	82.59	16.77	23.75	76.97	484.36	46.28	111.32
2023-01-20	125.65	74.07	22669.81	29.22	154.8	81.82	17.84	23.83	77.83	486.72	46.85	113.35
2023-01-23	125.24	73.89	22920.29	30.27	158.55	82.67	19.19	23.45	79.25	485.81	47.55	112.76
2023-01-24	127.26	74.22	22636.17	29.92	159.85	83.9	19.27	23.65	78.11	491.6	47.67	113.81
2023-01-25	128.62	74.31	23062.36	29.7	162.45	76.59	19.32	23.84	79.15	492.5	47.45	113.21
2023-01-26	128.6	74.17	23010.47	30.09	167.15	76.4	19.8	23.93	78.34	492.48	47.4	117.76
2023-01-27	127.83	74.09	23084.4	28.16	169.9	75.58	20.36	23.53	77.89	486.05	47.77	115.61
2023-01-30	128	73.88	22836.03	27.95	170.4	75.05	19.16	23.65	78.1	485.79	47.38	113.56
2023-01-31	128.47	74.22	23128.86	28.26	181.75	74.63	19.54	23.75	77.46	499.19	47.96	116.01
2023-02-01	128.16	74.52	23735.97	29.07	175.9	74.24	20.94	23.52	77.92	497	48.22	114.74
2023-02-02	131.89	74.57	23493.84	30.19	177.9	75.6	21.71	23.53	77.13	470.83	47.87	111.15
2023-02-03	131.33	73.91	23433.54	30.32	172.8	74.67	21.1	22.33	76.72	472.02	47.24	111.92
2023-02-06	134.98	73.45	22764.07	28.69	175.7	75.51	21.09	22.18	76.91	475.24	46.89	111.73
2023-02-07	136.72	73.35	23244.67	29.05	177.05	76.08	22.17	22.12	77.26	476.88	46.99	114.92
2023-02-08	136.83	73.48	22964.38	28.24	175.6	75.03	22.21	22.37	76.22	483.22	46.74	113.92
2023-02-09	133.56	73.18	21800.63	27.73	173.65	73.27	22.34	22.1	76.46	485.73	47.17	114.35
2023-02-10	135.41	72.87	21628.97	27.8	174.75	74.74	21.27	22.03	77.58	494.25	47.91	119.17
2023-02-13	136.51	73.07	21789.14	28.55	177.05	75.62	21.79	21.82	78.23	495.35	48.64	117.8
2023-02-14	135.04	72.82	22206.27	28.64	183.55	76.03	22.97	21.84	77.78	492.83	48.5	116.42
2023-02-15	137.15	72.66	24329.04	28.85	176.85	76.94	22.76	21.55	77.38	491.25	48.86	116.07
2023-02-16	137.1	72.38	23516.15	28.2	180.7	75.69	22	21.68	77.47	487.35	48.09	115.73
2023-02-17	135.05	72.54	24577.6	27.61	188.7	76.07	21.39	21.69	78.71	499.08	48.81	111.28
2023-02-21	134.41	71.91	24454.43	26.06	194.45	73.66	20.66	21.87	76.81	491.31	49.11	111.17
2023-02-22	133.28	72.07	24184.44	25.47	199.5	73.68	20.75	21.66	77.47	488.89	48.08	109.73
2023-02-23	131.85	72.33	23943.32	25.61	193.65	72.87	23.66	21.3	76.55	491.69	47.36	110.74
2023-02-24	131.59	71.93	23186.88	25.14	191.2	72.92	23.29	20.81	75.83	484.33	47.49	110.75
2023-02-27	128.95	72.05	23489.52	24.9	190.7	71.86	23.5	20.67	75.7	483.32	47.15	110.55
2023-02-28	128.78	72.07	23145.32	24.93	190.4	71.03	23.22	20.96	74.57	475.94	47.38	109.91
2023-03-01	127.61	71.48	23631.52	25.33	185.3	69.87	22.7	20.96	75.09	475.22	46.72	110.89
2023-03-02	126.28	71.33	23468.24	26.2	183.95	72.21	23.31	20.77	75.55	477.7	46.83	111.4
2023-03-03	128.13	71.88	22358.18	26.4	180.8	73.83	23.89	21.09	76.26	478.56	46.89	112.81
2023-03-06	127.6	71.71	22410.31	25.99	182.45	74.4	23.55	20.98	76.35	480.78	46.88	113.81
2023-03-07	124.58	71.63	22198.48	25.53	184.55	73.75	23.29	20.05	75.62	473.88	46.42	111.61
2023-03-08	122.4	71.57	21698.37	25.98	179.55	74.25	24.18	20	74.84	470.6	46.03	109.98
2023-03-09	119.4	71.81	20367.01	26.44	178	73.76	23.44	20.02	74.31	464.91	45.72	109.13
2023-03-10	118.2	72.67	20230.08	27.22	182.25	73.01	22.97	20.38	73.13	460.33	45.66	107.78
2023-03-13	114.18	73.25	24220	26.95	183.2	73.29	22.97	21.79	73.85	463.68	45.79	106.54
2023-03-14	114.36	72.79	24762.65	28.01	180.9	74.55	24.06	21.93	74.66	464.58	46.03	106.94
2023-03-15	110.61	73.54	24377.16	28.41	178.05	75.52	24.23	21.77	74.98	465.43	46.55	101.62
2023-03-16	112.1	73.19	25051.85	30.18	185.5	76.23	25.54	21.59	74.5	472.02	46.09	101.03
2023-03-17	105.11	73.72	27453.62	29.81	183	75.67	25.73	22.35	72.94	469.5	46.47	99.84
2023-03-20	109.2	73.4	27823.32	29.16	184.9	75.97	25.9	22.53	74.09	476.96	46.97	102.45
2023-03-21	112.54	73.2	28207.33	28.46	186.7	75.36	26.2	22.32	75.2	480.1	46.81	107.04
2023-03-22	108.53	73.85	27325.15	28.13	178	74.13	26.47	22.67	74.06	475.52	46.51	104.59
2023-03-23	105.58	74.02	28352.94	29.03	174.3	73.81	27.19	23.14	73.23	469.91	46.88	103.41
2023-03-24	105.59	74.17	27489.24	29.36	179.25	75.69	26.78	23.25	74.64	475.99	47.27	103.53
2023-03-27	106.99	73.4	27142.87	29.18	176.9	75.44	26.53	23.05	76.04	481.9	48.06	105.8
2023-03-28	106.34	73.27	27274.15	29.29	173.75	75.24	26.41	23.32	76.36	472.58	47.87	107.12
2023-03-29	109.7	73.35	28359.54	31.52	169.7	76.11	26.98	23.38	77.39	466.59	48.08	108.96
2023-03-30	109.09	73.45	28035.48	32.09	169.8	76.59	27.38	23.9	76.94	470.06	48.56	109.49
2023-03-31	110.81	73.83	28474.4	32.67	170.5	77.08	27.78	24.08	77.23	472.59	49.15	109.66
2023-04-03	114.25	73.96	27811.77	32.89	176.25	76.67	27.97	23.94	78.16	494.19	49.56	116.13
2023-04-04	113.17	74.26	28179.64	33.1	174.85	77.16	27.45	25.02	77.74	493.25	49.08	115.02
2023-04-05	114.88	74.46	28175.37	32.83	180.15	78.33	26.88	24.96	77.45	509.23	49.89	116.99
2023-04-06	115.22	74.44	28053.46	32.81	183.6	78.97	27.04	25.02	77.27	512.81	50.27	115.05
2023-04-10	116.11	73.94	29660.41	32.52	182.6	78.43	27.58	24.85	77.71	515.18	50.17	114.54
2023-04-11	116.1	73.97	30227.19	32.35	190.5	78.34	27.17	25.13	78.32	520.97	50.02	115.35
2023-04-12	116.08	74.05	29912.2	32.02	190.25	78.59	26.5	25.4	74.83	521.19	49.78	115.23
2023-04-13	114.11	74.01	30406.78	32.13	196.1	78.85	26.46	25.87	74.66	526.23	49.83	115.77
2023-04-14	112.13	73.68	30492.92	31.89	193.4	78.02	26.76	25.42	73.48	511.79	49.49	116.05
2023-04-17	114.89	73.28	29449.91	32.14	201	78.54	27	25.05	75.28	505.35	49.84	114.7
2023-04-18	114.14	73.39	30393.4	31.83	205.25	78.3	27.67	25.25	74.77	504.48	49.95	116.94
2023-04-19	116.51	73.29	28809.72	31.15	202.55	78.94	27.93	25.37	74.76	486.2	50	116.57
2023-04-20	117.38	73.61	28248.18	30.86	195.9	78.75	27.1	25.37	74.4	487.46	50.32	115.64
2023-04-21	115.78	73.48	27253.85	30.3	194.2	78.99	27.12	25.05	75.56	483.82	50.58	116.01
2023-04-24	115.9	73.77	27515.05	29.66	196.75	79.04	27.04	25.31	75.5	488.94	50.92	118.2
2023-04-25	114.91	74.25	28304.42	28.88	192.45	77.82	26.24	24.88	74.97	491.92	50.52	116.52
2023-04-26	114.06	73.99	28426.08	29.05	195.85	74.07	26.96	24.87	73.97	482.95	50.3	115.45
2023-04-27	115.25	73.67	29483.72	29.86	192.1	75.85	27.23	24.98	75.08	490.47	50.46	116.83
2023-04-28	115.76	74.08	29338.63	31.06	189.85	76.63	27.75	25	76.74	492.09	50.32	118.34
2023-05-01	115.86	73.14	28077.27	30.3	189.25	76.8	28.91	25.01	76.82	495.7	50.53	114.67
2023-05-02	112.39	73.86	28684.4	29.77	190.65	75.94	28.21	25.4	75.8	493.39	50.39	110.1
2023-05-03	111.5	74.17	29038.75	30.65	189.2	75.39	27.8	25.48	75.32	489.44	50.21	107.93
2023-05-04	114.02	74.07	28857.23	31.24	186.4	75.51	27.56	26.03	75.55	487.28	50.16	106.04
2023-05-05	115.73	73.8	29536.76	30.99	191	75.51	28.68	25.74	76.77	494.28	50.59	108.68
2023-05-08	116.12	73.45	27695.06	30.77	186.9	76.06	29.15	25.64	76.08	492.62	50.91	109.11
2023-05-09	118.42	73.37	27647.29	30.1	188	75.58	28.57	25.7	75.98	490.38	50.99	109.14
2023-05-10	117.67	73.82	27624.01	29.97	187.45	76.89	28.89	25.46	73.39	490.07	50.85	107.74
2023-05-11	118.33	74.06	26986.56	28.86	185.8	76.1	28.58	24.25	73.66	488.76	51.04	105.79
2023-05-12	118.26	73.67	26808.84	28.95	186	77.96	28.34	23.99	74.64	491.23	51.02	105.78
2023-05-15	117.93	73.48	27171.13	29.8	193.05	77.54	28.95	24.13	74.45	486.86	50.63	105.07
2023-05-16	116.81	73.3	27037.68	29.22	190.35	75.84	29.21	23.74	73.42	479.72	49.93	102.52
2023-05-17	119	73.17	27407.77	28.87	189.85	75.34	30.18	23.75	73.3	484.81	49.84	104.82
2023-05-18	118.89	72.87	26820.49	29.68	190.45	75.1	31.68	23.5	73.19	479.23	50.49	105.77
2023-05-19	117.78	72.67	26890.27	29.93	192	74.48	31.26	23.92	73.13	478.82	49.97	106.26
2023-05-22	118.09	72.65	26854.73	30.28	189.2	74.58	31.18	23.72	71.8	480.62	49.53	104.97
2023-05-23	116.26	72.7	27223.22	29.51	187.45	74.16	30.69	23.47	70.8	479.44	49.44	106.4
2023-05-24	113.4	72.5	26321.4	29	188	74.24	30.54	23.11	71.26	480.83	49.21	107.59
2023-05-25	111.04	72.23	26479.06	27.4	182.7	73.39	37.98	22.79	70.51	477.7	48.72	105.66
2023-05-26	109.53	72.32	26714.86	29	181.6	73.92	38.95	23.24	70.72	481.52	48.81	104.97
2023-05-30	110.66	72.8	27700.15	29.99	177.1	72.69	40.11	23.13	69.52	479.85	48.69	104.04
2023-05-31	108.45	73.04	27223.08	31.44	178.65	73.46	37.83	23.47	69.95	487.24	48.96	102.18
2023-06-01	109.2	73.05	26828.42	31.13	183.05	72.96	39.77	23.88	71.28	493.63	49.14	103.36
2023-06-02	110.08	72.64	27250.69	31.31	180.3	73.85	39.33	23.64	72.64	499.58	49.61	105.76
2023-06-05	109.48	72.65	25741.5	29.86	183.1	73.59	39.17	23.53	72.54	498.19	49.93	105.29
2023-06-06	109.99	72.75	27243.63	30.96	182.6	73.38	38.65	23.57	72.87	487.57	49.93	106.15
2023-06-07	112.22	72.34	26346.41	31.28	185.4	74.17	37.48	23.44	72.69	482.13	50	108.53
2023-06-08	111.91	72.7	26508.32	31.82	194.85	74.9	38.51	24.26	72.08	490.23	50.72	108.19
2023-06-09	111.96	72.55	26482.81	31.34	190.65	74.07	38.77	24.33	72.54	493.62	51.03	107.39
2023-06-12	112.35	72.7	25905.82	33.07	185.55	73.98	39.48	23.99	72.33	492.59	51.37	106.42
2023-06-13	113.45	72.38	25930.23	33.91	182.75	74.35	41.02	23.76	72.76	491.31	51.77	106.44
2023-06-14	111.4	72.44	25123.34	35.58	184.4	73.4	43	24.04	72.83	459.86	52.29	105.16
2023-06-15	110.54	72.89	25569.99	35.82	187	74.36	42.65	23.89	73.4	465.89	52.58	105.89
2023-06-16	111.17	72.73	26329.6	36.37	184.9	75.59	42.69	24.08	73.39	458.49	51.84	105.13
2023-06-20	108.61	72.83	28320.43	35	177.45	74.76	43.81	23.19	72.48	469.39	51.39	102.72
2023-06-21	107.73	72.95	29995.08	32.9	172	75.78	43.05	22.77	72.6	476.75	51.49	103.87
2023-06-22	108	72.6	29886.31	32.71	171.7	75.13	43.03	22.44	73.24	479.05	51.92	103.3
2023-06-23	107.53	72.81	30707.61	33	168.05	74.17	42.21	22.33	72.45	477	51.82	102.4
2023-06-26	108.96	72.9	30272.18	33.34	167.95	74.29	40.63	22.81	72.37	479.06	51.68	104.29
2023-06-27	108.64	72.76	30697.38	34.1	169.45	73.91	41.88	22.94	73.38	482.56	51.5	104.55
2023-06-28	108.86	72.99	30074.94	33.57	165.65	73.44	41.12	22.87	72.87	474.45	51.78	105.4
2023-06-29	109.09	72.44	30446.47	32.91	163.6	72.81	40.82	22.59	73.13	476.44	51.43	106.7
2023-06-30	109.04	72.69	30466.72	33.44	161	74.2	42.3	22.81	74.2	480.64	52.39	107.25
2023-07-03	110.51	72.3	31161.8	33.62	162.5	74.38	42.41	22.9	75.3	477.88	52.73	107.46
2023-07-05	110.04	72	30499.27	32.51	161.05	74.95	42.32	23.2	74.28	471.22	52.7	106.91
2023-07-06	108.76	71.54	29899.38	31.97	162.35	73.02	42.1	22.69	74.18	469.36	52.37	102.92
2023-07-07	108.27	71.5	30352.08	31.85	162.8	72.05	42.5	23.09	74.33	461.58	51.16	103.16
2023-07-10	106.75	71.75	30419.89	32.74	161.75	71.71	42.18	23.15	74.07	463.05	51.63	104.69
2023-07-11	109.07	71.9	30626.55	33.3	159.3	72.19	42.41	23.09	73.99	462.89	51.55	105.97
2023-07-12	107.6	72.47	30381.81	33.98	158.75	73.47	43.9	24.12	73.83	451.7	51.68	106.49
2023-07-13	104.83	72.91	31471.83	33.87	159.35	73.71	45.98	24.77	73.29	447.75	51.38	104.54
2023-07-14	101.18	72.57	30330.52	33.15	161.95	73.2	45.47	25.01	73.1	480.17	51.55	100.94
2023-07-17	102.41	72.65	30143.08	34.37	154.75	72.66	46.46	24.84	73.41	484.08	51.62	101.38
2023-07-18	103.42	72.74	29861.93	34.5	155.25	72.05	47.49	25.08	72.48	500	51.52	100.92
2023-07-19	105.79	72.91	29916.72	34.46	152.45	72.1	47.08	25.22	74.15	503.7	51.54	101.62
2023-07-20	111.98	72.57	29809.13	33.37	158.05	74.1	45.52	24.81	75.36	504.24	52.49	103.41
2023-07-21	110.82	72.62	29907.98	34.02	161.85	75.9	44.31	24.7	75.2	506.53	52.79	103.89
2023-07-24	112.11	72.5	29176.98	33.63	163	75.5	44.61	24.44	75.81	508.68	53.1	105.52
2023-07-25	110.47	72.42	29225.14	34.1	161.85	75.44	45.68	24.68	75.52	510.93	53.06	105.68
2023-07-26	112.96	72.66	29353.23	34.36	163.15	74.37	45.45	24.83	75.45	508	53.25	105.09
2023-07-27	112.78	72.04	29214.92	34.55	161.45	73.27	45.9	24.24	75.5	505.23	53.05	105.42
2023-07-28	112.46	72.29	29316.15	36.83	157.9	72.85	46.75	24.37	76.06	502.91	53.3	104.16
2023-07-31	112.68	72.42	29230.67	35.77	164.65	73.3	46.73	24.85	76.31	506.37	53.29	107.24
2023-08-01	113.03	71.78	29697.27	35.8	164.55	72.17	46.51	24.21	76.16	504.74	53.04	106.62
2023-08-02	106.51	71.55	29164.22	34.39	166.95	71.91	44.27	23.75	75.63	504.8	53.07	105.29
2023-08-03	111.36	71.11	29174.18	34.87	164.75	70.1	44.52	23.59	74.22	504.86	53.09	107.12
2023-08-04	109.87	71.7	29076.48	35.14	161.35	69.17	44.68	23.62	73.79	502.73	52.78	107.42
2023-08-07	110.74	71.59	29179.21	35.23	163.95	68.64	45.42	23.14	74.17	510.74	53.5	107.2
2023-08-08	110.44	71.85	29770.01	35.02	161.35	68.71	44.66	22.72	73.11	505.86	53.55	107.73
2023-08-09	109.6	71.87	29562.76	34.28	160.75	68.92	42.55	22.65	73.53	502.11	53.64	109.56
2023-08-10	110.69	71.47	29424.03	34.68	159.9	68.29	42.39	22.75	72.07	503.48	53.42	110.12
2023-08-11	109.04	71.24	29400.45	34.89	157.8	68.92	40.85	22.67	71.96	508.01	53.73	111.83
2023-08-14	106.9	71.15	29405.49	35.68	151.1	68.56	43.75	22.64	70.95	510.93	53.33	111.92
2023-08-15	105.07	70.99	29170.14	34.77	149.25	67.35	43.94	22.59	71.21	506.69	53.06	108.16
2023-08-16	109.74	70.79	28700.51	33.53	148.9	67.56	43.49	22.48	72.08	503.56	53.09	106.34
2023-08-17	107.91	70.72	26627.57	32.58	147	67.51	43.34	22.67	71.46	493.96	51.9	108.4
2023-08-18	106.19	70.87	26048.89	32.75	147.45	67.83	43.3	22.69	71.47	498.44	52.64	110.04
2023-08-21	105.29	70.53	26125.18	33.14	147.55	67.08	46.97	23.3	71.07	497.68	52.5	108.71
2023-08-22	105.12	70.62	26042.11	32.89	146.6	67.52	45.67	23.42	70.2	492.34	52.34	108.1
2023-08-23	105.62	71.26	26427.54	33.98	152.95	67.89	47.12	24.36	70.32	489.44	52.7	107.15
2023-08-24	105.34	71.09	26163.49	32.59	153	67.22	47.16	24.21	69.9	488.1	52.3	106.35
2023-08-25	105.14	71.09	26049.39	33.25	151.75	67.96	46.02	24.22	69.76	489.12	52.61	108.25
2023-08-28	105.42	71.22	26101.04	33.62	151.8	68.02	46.84	24.24	70.28	491.28	52.91	109.16
2023-08-29	106.56	71.66	27717.98	34.31	151.35	67.51	48.78	24.78	70.48	492.83	53.35	109.81
2023-08-30	109.26	71.63	27306.06	34.53	153.35	67.09	49.26	24.73	70.09	491.53	53.73	110.88
2023-08-31	107.81	71.75	25932.45	35.14	152.7	66.8	49.36	24.47	69.65	476.58	54.2	111.19
2023-09-01	110.56	71.21	25794.88	36.61	150.95	66.87	48.51	24.23	70.29	476.24	53.86	113.52
2023-09-05	107.22	70.82	25783.91	36.71	151.4	66.2	48.55	23.56	68.66	480.81	53.42	113.53
2023-09-06	107.93	70.74	25747.63	36.98	151.75	65.69	47.06	23.21	68.45	476.94	53.82	114.51
2023-09-07	107.73	70.98	26276.3	38.18	147.4	66.25	46.24	22.95	69.16	484.81	54.49	113.95
2023-09-08	106.2	71	25906.34	38.01	146.25	66.83	45.57	22.89	69.95	480.77	54.59	115.61
2023-09-11	107.78	70.89	25152.14	38.59	151.55	67.53	45.18	23.1	70.17	479.38	54.78	114.16
2023-09-12	109.49	70.94	25840.61	38.86	150.7	67.73	44.87	23.13	69.95	479.9	54.84	117.49
2023-09-13	108.9	71.05	26226.65	38.71	151.05	68.43	45.49	22.91	69.91	479.84	54.85	116.44
2023-09-14	110.55	70.93	26532.76	38.67	153.1	69.28	45.58	22.75	71.07	483.6	55.08	118.52
2023-09-15	108.78	70.79	26602.42	37.88	158.25	68.64	43.9	23.13	71.02	486.7	54.88	116.7
2023-09-18	111.04	70.86	26764.49	37.99	158.7	68.24	43.97	23.23	70.82	486.06	54.47	117.64
2023-09-19	113.38	70.71	27216.13	36.34	167.5	67.59	43.52	23.19	70.51	480.66	54.46	117.33
2023-09-20	114.15	70.62	27123.94	34.69	158.2	67.35	42.24	23.58	70.59	492.13	54.64	116.4
2023-09-21	113.85	70.18	26564.54	34.65	154.85	66.91	41.02	23.44	69.52	501.14	53.97	114.76
2023-09-22	114.09	70.47	26578.4	34.18	151.15	67.7	41.61	23.6	68.63	506.1	54.12	114.94
2023-09-25	115.24	69.95	26296.08	34.29	148.8	67.47	42.22	23.15	68.79	510.28	54.36	116.23
2023-09-26	113.27	69.88	26208.44	33.83	150.85	65.34	41.91	22.95	66.23	505.45	54.17	116.41
2023-09-27	113.02	69.63	26357.62	34.61	149.25	59.96	42.47	22.48	65.21	503.73	53.91	120.2
2023-09-28	112.49	69.81	27027.14	35.18	147.2	57.08	43.09	22.51	66.52	510.1	54.18	119.47
2023-09-29	111.41	69.78	26907	35.55	146.15	57.29	43.5	22.24	66.05	504.19	53.31	117.58
2023-10-02	110.91	69.11	27504.04	35.46	149.1	52.15	44.78	21.22	65.18	514.57	53.37	115.63
2023-10-03	109.91	68.55	27428.96	35.69	148.75	52.78	43.52	21.18	64.28	509.47	53.03	115.83
2023-10-04	111.45	69	27786.75	35.93	146.35	50.62	44.04	20.96	65	510.62	53.67	111.5
2023-10-05	112.37	69.05	27412.96	35.89	145.4	49.45	44.69	20.85	63.65	516.23	53.03	108.99
2023-10-06	113.15	68.78	27945.17	36.19	146.05	50.24	45.76	21.54	62.95	524.81	52.14	107.17
2023-10-09	114.17	69.48	27596.67	36.06	146.05	49.32	45.27	21.74	63.43	526.51	51.95	110.92
2023-10-10	114.72	69.41	27393.29	36.43	147.5	51.58	45.8	21.78	64.27	524.24	52.53	110.45
2023-10-11	114.77	69.73	26869.19	36.88	147.7	53.54	46.81	21.96	64.08	524.13	52.74	106.49
2023-10-12	113.98	69.13	26750.51	36.84	149.3	53	46.95	21.79	62.69	525.54	52.98	106.47
2023-10-13	120.32	69.45	26863.53	35.97	154.9	54.49	45.46	22.73	63.26	539.4	53.28	109.87
2023-10-16	124.92	69.09	28520.24	36.56	154.15	54.38	46.1	22.61	64.4	538.03	53.74	109.95
2023-10-17	127.92	68.64	28408.83	36.06	157.05	54.17	43.94	22.86	64.86	536.65	53.81	111.39
2023-10-18	127.41	68.34	28326.51	35.64	158.05	53.24	42.2	22.94	65.18	536.06	53.85	112.95
2023-10-19	124.74	68.04	28735.34	35.67	163.95	52.39	42.1	22.89	65.66	531.63	53.59	113.02
2023-10-20	123.19	68.29	29684.73	34.92	165.25	51.96	41.39	23.35	65.43	527.03	52.92	111.08
2023-10-23	121.83	68.55	33087.58	33.85	165.85	51.52	42.98	23.07	65	521.57	53.67	109.45
2023-10-24	124.29	68.78	33922.52	34.59	168.15	55.12	43.66	22.98	65.32	525	54.42	108.39
2023-10-25	125.19	68.26	34506.35	32.83	162.3	56.46	41.78	22.88	65.74	530.21	54.25	108.59
2023-10-26	125.62	68.72	34154.71	32.52	161.2	57.57	40.33	22.79	65.47	528.36	53.92	107.6
2023-10-27	123.3	68.72	33906.09	35.54	160.95	56.24	40.5	22.77	64.49	524.66	53.72	105.55
2023-10-30	125.47	68.55	34493.79	35.69	159.1	57.2	41.16	23.28	65.54	529.99	54.34	105.88
2023-10-31	128.13	68.53	34656.4	36.5	167.3	58.3	40.78	22.84	66.49	535.56	54.47	105.85
2023-11-01	129.75	68.99	35440.1	37.29	159.8	58.43	42.33	22.68	65.65	531.6	54.96	105.64
2023-11-02	131.36	69.39	34950	37.7	165.35	59.91	43.51	22.75	65.65	536.13	55.17	109.11
2023-11-03	131.73	69.8	34731.27	38.14	170.9	59.38	45.01	23.2	67.02	530.9	54.89	107.78
2023-11-06	130.52	69.5	35059.46	37.95	173.7	59.04	45.75	23.15	66.82	533.46	54.96	105.87
2023-11-07	129.66	69.85	35416.28	38.77	170.75	58.46	45.96	22.51	67.56	537.83	55.22	104.21
2023-11-08	129.28	70.07	35639.13	37.92	174.35	57.5	46.57	22.65	67.03	536.73	54.77	102.93
2023-11-09	128.99	69.55	36706.59	37.8	178.8	54.72	46.95	22.83	66.69	539	54.64	102.96
2023-11-10	130.32	69.68	37324.83	38.86	174.5	55.14	48.34	22.22	67.34	541.21	55.4	103.75
2023-11-13	129.85	69.66	36475.67	38.23	178.65	54.5	48.62	22.3	67.23	542.57	55.89	104.84
2023-11-14	131.65	70.51	35554.09	39.41	176.45	57.55	49.66	23.08	68.97	540.46	55.88	104.29
2023-11-15	131.57	70.12	37885.35	40.61	180.8	57	48.89	23.49	70.5	538.41	56.59	103.66
2023-11-16	134.75	70.54	36161.15	43.35	176.1	56.6	49.48	23.89	70.67	539.82	52.01	102.46
2023-11-17	134.19	70.64	36630.38	43.81	170.95	57.37	49.3	23.81	70.89	536.29	51.78	104.96
2023-11-20	134.64	70.74	37475.64	44.74	177.9	57.34	50.41	23.58	71.27	535.1	51.77	104.5
2023-11-21	134.96	70.84	35751.89	43.64	176.55	57.98	49.94	23.84	71.3	539.59	51.95	104.46
2023-11-22	136.09	70.9	37424.31	43.67	178.65	57.47	48.72	23.67	72.03	543.76	51.56	104.01
2023-11-24	136.61	70.56	37745.84	43.96	178.65	57.55	47.78	24.33	72.15	547.1	52.02	104.57
2023-11-27	137.47	70.99	37241.63	44.08	179.7	57.58	48.24	24.67	71.9	543.59	52.26	103.96
2023-11-28	136.43	71.29	37838.26	44.23	183.65	58.16	47.82	24.93	71.83	540.53	52.88	103.9
2023-11-29	135.49	71.66	37863.84	44.94	182.1	58.36	48.14	25.07	71.71	534.98	52.03	102.34
2023-11-30	137.87	71.43	37732.27	44.7	195	58.51	46.77	25.29	72.17	552.97	51.9	102.74
2023-12-01	137.68	71.81	38703.54	43.74	193.9	59.17	46.77	25.5	72.8	547.16	51.45	102.99
2023-12-04	138.64	71.52	41987.24	42.35	188.9	58.67	45.51	24.56	73	548.28	51.43	102.43
2023-12-05	138.68	71.98	44084.39	41.92	193.85	58.23	46.57	24.2	73.21	550.26	51.91	100.44
2023-12-06	138.49	72.19	43764.05	41.27	185.25	60.2	45.5	23.89	73.05	549.53	51.35	99.11
2023-12-07	139.02	72.17	43280.95	42.15	185.5	59.85	46.6	23.73	74.18	548.27	50.82	98.42
2023-12-08	139.32	71.82	44192.87	42.7	185.15	59.7	47.51	22.97	73.83	549.77	50.29	99.55
2023-12-11	143.07	71.83	41229.61	44.54	194	59.71	46.63	22.77	73.93	543.68	50.41	99.62
2023-12-12	144.36	72.04	41477.39	44.04	191.15	59.52	47.66	22.73	73.61	545.72	50.45	98.05
2023-12-13	144.35	72.96	42885.54	44.57	194.65	62.51	48.09	22.64	75.34	549.01	51.35	98.92
2023-12-14	139.24	73.51	43027.77	45.18	200.1	62.78	48.35	24.1	74.2	534.24	50.72	101.58
2023-12-15	139.06	73.4	41933.89	46.16	201.8	61.5	48.89	23.87	73.54	531.12	50.91	100.9
2023-12-18	138.75	73.25	42650.01	45.69	209.55	61	50.08	23.83	72.86	526.55	51.66	101.65
2023-12-19	138.25	73.39	42266.22	46.66	202.4	61.57	49.6	24.04	73.3	524.04	51.84	102.99
2023-12-20	135.62	73.63	43674.77	45.76	190.6	59.84	48.11	24.35	73.25	515.93	51.24	101.27
2023-12-21	135.4	73.62	43875.32	47.08	193.6	59.6	48.99	24.31	73.53	519.88	51.6	101.73
2023-12-22	137.4	73.36	44013.73	48	192.8	59.75	48.83	24.29	73.53	520.31	52.22	101.91
2023-12-26	138.08	73.43	42515.53	50.5	194.35	60.21	49.28	24.14	73.33	520.03	52.14	102.14
2023-12-27	138.39	73.9	43474.4	50.76	197.75	60.58	49.42	24.38	73.03	522.79	52.63	101.66
2023-12-28	139.82	73.72	42581.23	50.39	198	61.02	49.52	24.13	73.04	524.9	52.52	100.19
2023-12-29	139.98	73.55	42063.45	50.25	188.3	60.74	49.52	23.85	73.13	526.47	52.55	99.98
2024-01-02	143.81	73.24	44972.8	47.8	190.15	61.57	48.17	23.73	74.42	539.34	53.1	102.36
2024-01-03	145	73.3	42862.44	47.05	186.25	61.99	47.57	22.95	74.98	542.03	53.1	103.22
2024-01-04	148.5	72.97	44193.29	46.87	185.55	61.8	48	22.99	75.12	545.42	52.59	102.32
2024-01-05	149.98	72.75	44186.59	46.89	182.8	62.08	49.1	23.12	75.65	537.38	52.24	102.63
2024-01-08	149.38	73.07	46995.1	48.45	181.4	62.92	52.25	23.12	75.61	536.52	52.75	100.92
2024-01-09	150.98	73.06	46124.08	48.05	184.1	62.01	53.14	22.9	75.58	538.37	53.1	99.67
2024-01-10	150.31	72.93	46666.11	47.47	181.15	62.28	54.35	22.88	75.03	537.64	53.76	98.69
2024-01-11	150.37	73.31	46342.66	47.64	184.05	60.72	54.82	22.54	75.45	539.68	53.7	98.67
2024-01-12	151.03	73.46	42773.03	47.12	180	61.04	54.71	23.16	75.75	521.51	53.77	99.95
2024-01-16	151.5	72.94	43130.45	47.06	185.25	60.35	56.38	22.93	74.9	519.15	53.94	97.69
2024-01-17	152.55	72.77	42739.49	46.06	179.2	58.27	56.05	22.52	74.67	524.94	53.69	96.98
2024-01-18	152.92	72.67	41293.5	46.74	179.95	57.65	57.11	22.67	75.2	516.34	54.41	96.8
2024-01-19	154.88	72.67	41624.07	48.15	185.15	57.26	59.49	22.57	75.21	503.56	54.13	96.95
2024-01-22	155.39	72.79	39524.27	48.22	192.25	56.85	59.65	22.16	75.61	512.99	54.13	96.82
2024-01-23	154.11	72.62	39878.3	48.89	192.95	57.38	59.87	22.33	75.52	515.52	54.27	97.91
2024-01-24	157.42	72.47	40077.78	49.09	189.45	57.01	61.36	22.75	74.99	513.23	53.5	99.6
2024-01-25	159.06	72.81	39941.66	49.55	186.95	57.98	61.62	22.81	75.27	493.4	54.28	102.13
2024-01-26	158.37	72.7	41814.8	43.65	193.85	58.48	61.03	22.75	75.15	503.2	54.76	103
2024-01-29	156.06	72.99	43306.18	43.84	189.25	59.57	62.47	23.14	75.17	504.54	55.01	103.13
2024-01-30	156.49	73.12	42942.78	42.92	194	59.28	62.77	23.11	80.82	503.61	55.2	104.85
2024-01-31	155.25	73.43	42548.08	43.08	194.05	58.63	61.53	23.05	80.93	511.74	55.08	102.81
2024-02-01	156.19	73.66	43078.81	43.36	194.2	59.75	63.03	23.13	82.36	507.14	56.1	102.39
2024-02-02	157.37	73	43181.66	42.6	191.95	58.15	66.16	22.7	81.48	510.23	56.52	101.97
2024-02-05	156.83	72.42	42657.67	42.77	189.5	55.97	69.33	22.33	80.84	502.96	56.22	101.55
2024-02-06	157.35	72.76	43095.79	42.74	188.2	56.23	68.22	22.39	80.41	510.67	56.6	102.25
2024-02-07	158.6	72.62	44343.61	42.78	190.7	56.38	70.1	22.28	79.67	519.39	56.46	102.22
2024-02-08	161.75	72.43	45305.2	42.5	188.8	56.29	69.64	22.57	79.32	520.09	56.46	103.97
2024-02-09	160.03	72.37	47160.41	43.31	196.3	56.58	72.13	22.53	79.55	518.22	56.43	101.77
2024-02-12	159.32	72.39	49941.81	44.03	195.6	57.55	72.25	22.71	80.04	517.64	56.77	103.17
2024-02-13	158.58	71.76	49725.36	43.16	193	55.25	72.13	22.1	79.14	516.85	56.38	101.34
2024-02-14	161.39	72.03	51858.59	44.19	187.05	56.01	73.9	22.33	79	516.94	56.2	100.84
2024-02-15	161.89	72.23	51934.29	44.05	189.3	57.27	72.66	22.91	79.38	520.88	56.43	103.73
2024-02-16	161.78	72	52162.64	43.51	190.85	57.03	72.61	23.44	79.5	521.55	56.79	103.73
2024-02-20	159.72	72.09	52277.52	44.52	191.6	56.61	69.45	23.11	79.07	521.06	58.62	102.75
2024-02-21	159.17	71.89	51851.67	43.47	198.35	57.1	67.47	22.85	79.68	521.97	57.9	104.85
2024-02-22	160.19	71.92	51258.7	42.98	193.85	56.67	78.54	22.76	80.44	526.5	58.47	104.76
2024-02-23	159.13	72.18	50747.05	42.99	191	56.78	78.82	22.97	80.82	527.24	58.52	103.84
2024-02-26	159.8	72.05	54533.48	42.99	190.1	55.15	79.09	22.52	80.84	525.32	59.6	104.25
2024-02-27	159.54	71.94	57077.07	42.73	194.05	55.56	78.7	22.52	81.14	513.42	59.59	104.03
2024-02-28	160.59	72.1	62518.9	41.99	193.35	55.04	77.66	22.41	80.67	498.28	59.62	104.32
2024-02-29	159.52	72.22	61179.03	43.05	195.85	55.19	79.11	22.67	80.97	493.6	58.61	104.52
2024-03-01	155.15	72.32	62436.72	43.82	193.8	55.21	82.28	23.15	79.96	489.53	58.76	105.84
2024-03-04	156.38	72.15	68360.14	45.61	197.4	54.97	85.24	23.78	79.51	481.87	59.3	104.36
2024-03-05	156.77	72.54	63800.78	43.16	195	55.4	85.96	23.76	79.58	473.15	60.04	105.64
2024-03-06	157.04	72.67	66122.28	44.51	194.45	55.53	88.7	24.27	79.17	472.6	60.57	106.77
2024-03-07	156.64	72.79	66938.21	46.15	198.35	56.25	92.67	24.37	79.87	478.78	60.36	107.37
2024-03-08	156.92	72.86	68289.16	44	191.4	57.81	87.53	24.34	80.56	476.57	60.12	108.38
2024-03-11	159.94	72.83	72110.98	44.86	194.35	57.87	85.77	24.51	80.02	489.15	60.66	109.02
2024-03-12	159.6	72.61	71475.93	45.24	195.4	57.15	91.91	24.19	80.13	489.35	61.41	108.32
2024-03-13	160.08	72.49	73135.04	43.23	191.65	59.54	90.89	24.96	80.52	488	61.28	109.53
2024-03-14	159.38	72.06	71364.58	42.75	191.35	59.54	87.94	24.87	80.03	489	61.02	111.47
2024-03-15	162.2	72.02	69506.88	42.64	182.85	60.08	87.84	25.2	80.92	490.82	60.68	111.27
2024-03-18	163.01	71.93	67613.04	42.71	181.85	60.17	88.46	25.09	80.66	487.05	60.86	112.3
2024-03-19	162.36	72.12	61906.27	42.05	183.05	61.27	89.4	24.96	81.33	493.32	60.87	113.09
2024-03-20	161.17	72.25	67858.8	42.2	182.4	62.2	90.37	24.93	81.17	494.23	61.25	112.99
2024-03-21	162.17	72.31	65484.7	42.42	185.7	61.36	91.44	24.85	81.64	491.69	61.45	113.49
2024-03-22	165.25	72.55	63814.56	42.57	184.85	61.78	94.29	24.69	81.59	490.07	60.87	113.49
2024-03-25	168.97	72.41	69890.28	41.83	185.65	62.61	95	24.75	80.88	485.88	60.57	114.65
2024-03-26	170.81	72.47	69992.4	41.99	188.05	61.43	92.56	24.48	80.9	492.31	60.51	113.79
2024-03-27	169.84	72.72	69435.96	43.77	190.65	63.79	90.25	24.63	81.94	493.1	60.72	114.97
2024-03-28	173.01	72.63	70801.18	44.17	188.85	63.91	90.36	24.8	81.18	494.7	60.17	116.24
2024-04-01	172.57	71.92	69681.82	44.52	191.8	63.38	90.36	24.95	80.57	489.7	60	116.99
2024-04-02	172.54	71.84	65464.14	43.94	197.75	62.88	89.45	25.8	80.43	458.14	59.16	119.28
2024-04-03	173.42	71.89	65987.92	40.33	203.6	62.55	88.96	26.94	79.95	459.74	59.43	119.3
2024-04-04	171.23	72.04	68525.23	39.73	206.75	63.73	85.91	27.14	76.55	455.38	59.5	119.72
2024-04-05	172.82	71.68	67856.51	38.71	212.5	64.18	88.01	27.4	76.67	455.74	59.85	121.37
2024-04-08	172.36	71.62	71622.53	37.98	211.1	64.86	87.13	27.71	76.74	456	59.78	120.55
2024-04-09	168.33	71.88	69117.01	38.33	213.55	65.38	85.35	27.89	77.51	459.72	59.79	121.18
2024-04-10	169.75	71.04	70634.04	37.2	214.65	64.01	87.04	27.96	76.96	450.05	60.62	122.2
2024-04-11	165.61	71.04	70020.73	37.63	220.35	63.94	90.62	28.18	76.57	441.72	60.09	121.79
2024-04-12	166.81	71.2	67148.61	35.69	224.65	63.08	88.19	28.25	75.25	439.2	60.14	120.37
2024-04-15	165.76	70.73	63452.18	36.31	231.55	62.75	86	28.65	75.65	445.63	59.93	119.68
2024-04-16	164.21	70.55	63814.94	36.26	236.75	61.7	87.42	28.32	75.83	468.89	59.84	118.69
2024-04-17	162.92	70.89	61279.36	35.68	247.95	63.79	84.04	28.35	75.44	478.99	59.65	118.63
2024-04-18	169.11	70.7	63513.85	35.04	239.85	64.01	84.67	28.33	75.64	493.18	59.26	118.52
2024-04-19	172.96	70.79	63848.37	34.2	241.4	64.3	76.2	28.81	76.73	501.13	59.53	119.88
2024-04-22	175.41	70.82	66859.17	34.41	231.65	65.31	79.52	27.21	77.32	491.23	60.14	120.56
2024-04-23	175.28	70.95	66414.16	34.28	224.5	66.2	82.42	27.33	76.96	486.18	59.09	121.03
2024-04-24	172.27	70.77	64255.78	34.5	228.45	66.56	79.68	27.32	77.29	487.3	59.87	121.05
2024-04-25	172.34	70.57	64484.44	35.11	231.95	66.9	82.63	27.34	77.07	493.86	60.21	121.33
2024-04-26	170.07	70.73	63742.39	31.88	230.6	65.99	87.74	27.24	77.07	495.35	60.16	117.96
2024-04-29	169.58	70.94	63844.85	31.36	233.55	67.42	87.76	27.37	77.22	489.03	60.24	119.64
2024-04-30	170.06	70.67	60622.1	30.47	220.65	66.97	86.4	26.39	74.32	483.7	59.35	118.27
2024-05-01	171.56	70.71	58265.59	30.37	219.05	68.61	83.04	26.49	73.05	484.11	58.85	116.03
2024-05-02	169.18	70.99	59071.89	30.51	208.65	68.85	85.82	26.58	74.25	492.97	59.71	116.24
2024-05-03	168.18	71.35	62913.03	30.9	205.9	70.14	88.79	26.44	75.36	492.45	59.82	116
2024-05-06	170.08	71.42	63162.24	30.97	200.7	71.25	92.14	27.37	75.48	494.38	59.87	116.75
2024-05-07	168.19	71.56	62315.76	30.68	199	71.95	90.55	27.3	75.81	500.96	60.62	116.17
2024-05-08	170.28	71.39	61169.53	30	200.25	72.85	90.41	27.36	74.62	503.21	60.3	116.15
2024-05-09	171.46	71.58	63073.57	30.09	203.7	74.58	88.75	28.13	75.15	507.03	60.44	118.44
2024-05-10	172.71	71.38	60787.47	29.85	204.4	73.79	89.88	28.27	76.17	512.81	60.48	117.96
2024-05-13	169.88	71.44	62932.37	30.51	200.4	74.58	90.4	28.22	75.56	511.74	60.41	117.91
2024-05-14	169.08	71.65	61539.84	31.05	202.85	75.42	91.36	28.49	75.89	513.88	59.86	117.67
2024-05-15	166.27	72.11	66244.69	31.27	201.25	77.05	94.63	29.51	75.97	517.55	59.83	118.58
2024-05-16	169.08	71.99	65252.18	32.03	199.55	76.41	94.36	29.67	76.24	521.27	64.01	117.87
2024-05-17	169.51	71.81	67046.33	31.83	208.15	76.09	92.48	31.05	75.91	524.63	64.65	119.64
2024-05-20	167.86	71.74	71432.17	32.1	209.3	75.87	94.78	32.21	75.06	517.23	64.18	118.67
2024-05-21	168.19	71.89	70142.84	31.74	217.2	76.95	95.39	31.87	75.32	523.55	65.15	117.85
2024-05-22	166.17	71.8	69109.93	31.42	220.45	76.32	94.95	31.3	72.73	521.35	65.25	115.48
2024-05-23	164	71.59	67940.45	30.08	215.65	75.32	103.8	30.28	72.87	516.83	64.84	113.51
2024-05-24	164.84	71.67	68547.8	30.72	218.25	76.61	106.47	30.33	72.95	508.17	65.38	113.42
2024-05-28	164.67	71.33	68321.98	31.06	230.95	77.53	113.9	31.97	72.47	503.68	65.04	114.86
2024-05-29	163.5	71.07	67569.45	30.13	229.45	76.68	114.83	32.2	71.47	484.72	64.92	113.63
2024-05-30	164.98	71.38	68338.58	30.19	233	78.19	110.5	31.39	71.65	481.65	64.89	113.99
2024-05-31	167.52	71.64	67472.41	30.85	222.35	80.02	109.63	30.3	72.82	495.37	65.76	117.26
2024-06-03	164.12	71.82	68791	30.29	226.55	77.71	115	30.64	73.19	497.44	65.82	114.45
2024-06-04	163.42	72.09	70542.32	30.03	233.9	77.15	116.44	29.49	72.7	505.49	66.6	112.67
2024-06-05	163.3	72.29	71121.11	30.78	231.95	77.05	122.44	29.95	72.24	503.12	67.09	113.12
2024-06-06	163.12	72.3	70773.64	30.42	234.2	76.7	121	31.25	72.66	501.92	67.15	113.97
2024-06-07	165.06	71.72	69324.53	30.74	224.8	75.39	120.89	29.33	72.66	490.69	65.88	112.75
2024-06-10	163.81	71.61	69497.73	30.91	221.4	76.97	121.79	29.77	72.25	495	66.96	113.08
2024-06-11	161.6	71.9	67316.53	30.92	220.55	72.74	120.91	29.13	71.72	496.22	66.73	112.17
2024-06-12	160.63	72.23	68248.6	30.76	224.35	72.26	125.2	30.18	71.13	493.07	66.31	110.93
2024-06-13	160.83	72.55	66738.85	30.46	226.05	73.18	129.61	28.99	71.04	497.3	66.7	110.04
2024-06-14	157.07	72.66	66004.39	30.45	224.15	73.06	131.88	29.4	70.69	497.12	67.02	109.11
2024-06-17	158.74	72.39	66481.81	30.98	227.15	72.31	130.98	29.33	72.94	489.23	67.42	108.36
2024-06-18	160.06	72.64	65152.8	30.63	226.3	70.44	135.58	29.5	72.68	481.05	67.6	109.38
2024-06-20	162.59	72.5	64840.88	30.62	230.25	72.46	130.78	30.78	72.75	484.52	68.01	111.74
2024-06-21	160.51	72.52	64120.28	31.09	226.55	72.81	126.57	29.57	73.35	482.59	67.91	110.76
2024-06-24	162.41	72.56	60263	30.57	238	73.85	118.11	29.49	74.58	489.98	68.9	114.05
2024-06-25	161.34	72.6	61789.71	30.74	231.2	72.98	126.09	28.84	74.46	484.5	67.42	114.37
2024-06-26	158.36	72.26	60816.68	30.54	226.35	73.37	126.4	28.91	72.28	484.04	68.29	114.41
2024-06-27	160.01	72.39	61615.39	30.59	228.25	73.72	123.99	28.92	72.47	486.44	67.88	114.9
2024-06-28	159.66	72.05	60313.35	30.97	228.95	70.81	123.54	29.24	71.39	509.26	67.71	115.12
2024-07-01	160.54	71.45	62830.13	30.84	226.7	69.9	124.3	29.3	69.88	494.65	67.48	114.96
2024-07-02	160.18	71.66	62040.22	31.07	229.1	70.47	122.67	29.35	70.59	498.24	68.07	114.18
2024-07-03	159.44	72.07	60145.01	31.23	225.95	71.83	128.28	30.55	70.05	489.89	68.24	114.76
2024-07-05	158.43	72.4	56639.43	32.02	230.3	72.09	125.83	31.39	69.75	488.01	70.04	113.37
2024-07-08	159.54	72.4	56699.43	33.99	236.2	72.11	128.2	30.62	69.66	489.34	69.68	112.18
2024-07-09	158.72	72.37	58047.86	34.59	252	72.12	131.38	30.77	69.16	492.11	69.9	110.94
2024-07-10	159.97	72.43	57712.59	34.87	245.7	72.9	134.91	30.73	69.64	500.93	70.41	111.92
2024-07-11	162.04	72.79	57340.77	33.5	246.75	74.7	127.4	31.39	71.69	504.36	69.8	113.25
2024-07-12	163.69	72.98	57909.03	34.49	250.45	76	129.24	30.89	72.17	511.53	69.24	113.27
2024-07-15	166.91	72.75	64757.16	34.46	244.15	70.97	128.44	30.67	71.8	515.37	69.61	115.21
2024-07-16	167.81	73.03	65088.99	34.34	245.4	71.9	126.36	31.19	73.03	548.87	69.99	116.04
2024-07-17	170.7	73.1	64085.81	34.46	247.35	70.9	117.99	30.14	75.05	573.28	71.03	117.64
2024-07-18	176.69	72.91	63982.86	34.87	243.4	71.67	121.09	30	74.36	564.34	70.82	118.8
2024-07-19	174.38	72.72	66707.61	32.98	238.2	72	117.93	29.09	73.62	565.33	70.75	116.07
2024-07-22	174.83	72.69	67558.22	33.37	243.05	72.9	123.54	29.12	73.62	558.53	70.38	115.27
2024-07-23	173.6	72.7	65939.24	32.95	239.1	72.11	122.59	29.13	73.18	554.7	70.65	113.41
2024-07-24	172.34	72.49	65366.4	31.7	231.15	75.41	114.25	29.12	71.2	559.75	70.6	115.01
2024-07-25	165.4	72.65	65795.42	31.1	234.7	73.44	112.28	27.81	72.12	559.68	70.02	117.43
2024-07-26	169.17	72.94	67924.08	31.35	230.25	74.26	113.06	27.86	72.85	569.72	69.78	117.33
2024-07-29	169.23	73.03	66771.45	30.83	230.4	74.34	111.59	27.7	73.26	566.75	69.62	116.1
2024-07-30	173.59	73.12	66169.68	30.13	230.8	74.28	103.73	28.36	76.44	576.33	69.19	118.17
2024-07-31	171.12	73.52	64609.62	30.74	229.2	76.39	117.02	28.78	76.65	576.16	68.64	118.59
2024-08-01	177.38	73.57	65288.18	29.05	227.25	78.39	109.21	28.33	75.81	572.77	69.79	116.95
2024-08-02	176.82	74.41	61418.06	21.48	230.5	79.2	107.27	28.25	76.71	589.83	68.46	116.88
2024-08-05	169.02	74.34	54029.12	20.11	225.7	76.68	100.45	27.08	74.62	569.96	67.59	114.77
2024-08-06	169.79	73.88	56048.08	19.83	235.95	76.97	104.25	27.1	75.19	568.35	67.74	114.16
2024-08-07	170.67	73.7	55148.1	18.99	246.3	77.56	98.91	26.83	75.25	566.08	66.91	115.68
2024-08-08	170.52	73.59	61705.58	20.49	245.3	77.54	104.97	27.5	75.55	566.24	67.66	117.89
2024-08-09	171.03	73.85	60862.13	19.71	234.05	77.46	104.75	27.49	75.63	558.76	67.95	118.85
2024-08-12	171.36	73.98	59358.78	19.36	240.85	77.58	109.02	27.92	75.24	565.29	68.7	119
2024-08-13	171.96	74.26	60603.19	20.47	232.7	78.12	116.14	27.69	75.37	574.24	68.13	117.86
2024-08-14	180.95	74.4	58690.62	19.92	237	78.01	118.08	27.25	76.01	579.67	68.66	118.95
2024-08-15	178.11	74.09	57543.61	20.69	239.9	77.41	122.86	28.34	75.76	579.61	73.18	118.73
2024-08-16	179.64	74.25	58888.99	20.87	245.45	78.57	124.58	28.78	76.57	577.68	73.45	118.17
2024-08-19	180.62	74.34	59452.67	21.52	245.9	79.35	130	29.24	76.91	578.78	73.72	118.53
2024-08-20	180.41	74.56	59017.59	20.99	249.45	78.98	127.25	29.45	76.54	580.65	74.54	114.58
2024-08-21	178.84	74.72	61163.28	21.41	249.45	79.64	128.5	29.48	77.13	578.07	75.24	113.85
2024-08-22	181.23	74.42	60383.29	20.1	246.8	78.92	123.74	29.01	77.58	578.72	75.58	114.73
2024-08-23	180.51	74.75	64086.72	20.54	251.2	79.66	129.37	29.79	77.16	584.51	75.7	116.32
2024-08-26	183.09	74.67	62840	20.13	253.65	80.64	126.46	29.98	76.99	587.13	76.03	118.81
2024-08-27	185.14	74.67	59439.64	20.07	259.4	79.61	128.3	29.95	76.2	587.35	76.13	117.68
2024-08-28	187.06	74.62	59045.88	19.61	260.45	79.41	125.61	29.18	76.67	588.54	76.08	116.52
2024-08-29	188.35	74.51	59364.47	20.13	251.8	80.03	117.59	29.56	77.53	591.57	76.42	118.13
2024-08-30	188.94	74.36	59112.77	22.04	248.2	80.51	119.37	28.73	77.97	590.2	77.23	117.94
2024-09-03	189.2	74.45	57468.84	20.1	246.75	79.93	108	27.95	78.27	598.68	77.17	115.47
2024-09-04	189.87	74.78	57971	19.43	245.55	81.08	106.21	28.17	78.74	604.18	77.24	114.06
2024-09-05	185.76	74.96	56156.82	19.4	246.6	80.33	107.21	28.72	78.98	595.49	76.96	113.17
2024-09-06	185.36	75.05	53950.01	18.89	240.05	79.98	102.83	27.81	78.58	596.88	76.64	112.64
2024-09-09	187.2	75.15	57053.9	19.07	249.45	81.19	106.47	28.29	78.41	594.1	77.34	115.01
2024-09-10	184.87	75.4	57645.59	18.98	248	82.3	108.1	28.26	78.5	599.03	78.81	110.82
2024-09-11	184.39	75.36	57352.79	19.64	249.45	83.43	116.91	28.56	76.21	589.75	78.84	109.72
2024-09-12	186.1	75.28	58137.54	19.36	252	83.46	119.14	29.74	76.97	588.42	79.66	111.23
2024-09-13	188.3	75.44	60543.35	19.66	262.05	84.65	119.1	30.7	76.52	594.32	80.6	111.15
2024-09-16	190.56	75.64	58208.75	20.91	259.05	84.64	116.78	30.77	77.12	589.14	80.56	112.71
2024-09-17	190.26	75.54	60312.6	21.47	265	84.97	115.59	30.62	77.78	577.96	78.6	114.18
2024-09-18	191.01	75.31	61769.18	20.77	263.15	84.28	113.37	30.34	74.54	580.65	79.03	114.58
2024-09-19	190.68	75.31	62960.14	21.14	261.65	82.29	117.87	31.09	74.14	577.07	78.04	116
2024-09-20	191	75.3	63210.69	21.84	250.75	82.76	116	31.18	75.19	575	79.06	115.27
2024-09-23	192.89	75.25	63338.87	22.56	263.65	84.82	116.26	30.77	76.18	573.41	80.33	117.36
2024-09-24	191.82	75.34	64272.93	22.81	267.8	84.29	120.87	32.11	76.41	575.19	80.67	117.05
2024-09-25	190	75.06	63130.89	23.54	269.1	84.62	123.51	31.7	76.76	576.31	81.4	114.77
2024-09-26	188.69	75.06	65177.21	23.92	273.9	83.46	124.04	32.03	77.96	574.81	79.92	112.8
2024-09-27	188.36	75.28	65789	23.91	269.15	84.54	121.4	31.52	77.66	581.85	79.78	115.82
2024-09-30	189.65	75.11	63301.25	23.46	270.25	84.53	121.44	31.16	78.06	584.68	80.75	117.22
2024-10-01	189.88	75.11	60790	22.69	264.15	85.27	117	31.44	77.74	583.3	81.27	119.93
2024-10-02	190.22	74.97	60631.37	22.39	256.5	85.43	118.85	31.63	77.38	592.31	80.43	121.52
2024-10-03	187.84	74.64	60744.99	22.26	252.05	85.05	122.85	32.19	76.14	592.75	80.43	122.58
2024-10-04	190.57	74.15	62090.71	22.59	257.35	83.85	124.92	32.13	75.41	591.2	80.94	124.83
2024-10-07	181.25	73.93	62200.28	22.38	244.65	80.29	127.72	31.75	74.73	583.56	79.1	125.37
2024-10-08	182.87	74.04	62122.02	23.32	248.2	80.5	132.89	30.35	75.32	581.58	79.71	122.04
2024-10-09	184.91	73.84	60578.28	23.46	250.05	80.58	132.65	30.42	74.61	591.22	80.4	122.09
2024-10-10	185.79	73.81	60279.53	23.22	254.75	80.94	134.81	31	73.8	597.7	79.61	123.14
2024-10-11	188.28	73.82	62518.75	23.56	252.05	81.86	134.8	31.52	74.42	598.05	80.1	123.61
2024-10-14	190.53	73.77	66065.65	23.44	262.05	82.91	138.07	31.08	75.22	605.4	80.29	124.08
2024-10-15	193.01	74.06	67056.6	22.66	256.7	82.79	131.6	31.53	75.56	556.29	81.65	120.35
2024-10-16	195.65	74.16	67608.44	22.31	258	84.39	135.72	31.76	75.77	571.34	81.22	120.66
2024-10-17	195.51	73.8	67402.33	22.44	255.15	83.78	136.93	31.57	75.38	566.03	80.89	120.35
2024-10-18	195.37	73.84	68426.11	22.77	257.3	84.38	138	33.03	75.54	569.61	81.31	120.01
2024-10-21	192.64	73.34	67346.15	22.84	251.7	84.03	143.71	33.87	74.71	571.47	80.81	120.08
2024-10-22	192.78	73.37	67380.08	22.4	249.85	83.7	143.59	34.83	74.77	569.86	82.02	120.7
2024-10-23	192.78	73.19	66601.11	21.98	252.35	84.96	139.56	33.64	74.63	564.64	83.27	120.27
2024-10-24	192	73.31	68156.84	22.34	245.45	82.81	140.41	33.61	74.38	560.81	83.04	119.59
2024-10-25	188.12	73.16	66564.51	22.68	248.4	81.43	141.54	33.6	73.92	564.56	82.51	119.49
2024-10-28	189.21	73.07	69924.5	22.92	252.35	82.87	140.52	33.83	75.1	565.24	82.75	118.9
2024-10-29	186.57	73.13	72724.35	22.9	248.1	79.56	141.25	34.27	74.17	562.13	81.7	117.28
2024-10-30	189.44	73.06	72322.91	22.3	249.6	79.09	139.34	33.91	74.25	562.96	81.39	116.69
2024-10-31	186.52	73.05	70197.83	21.52	245.9	79.25	132.76	32.65	74.95	564.5	81.95	116.78
2024-11-01	184.15	72.54	69467.29	23.2	242.95	77.35	135.4	32.54	75.03	567.56	82.19	114.95
2024-11-04	182.37	72.83	67807.48	22.52	245.95	78.37	136.05	32.48	75.37	557.77	82.45	118.61
2024-11-05	185.06	73.01	69380.73	23.32	250.15	78.65	139.91	32.65	76.35	567.03	83.68	118.96
2024-11-06	188.79	72.41	75646.55	25.05	248.75	74.52	145.61	31.22	77.01	596.69	83.44	121
2024-11-07	190.55	72.95	75920	26.23	260.4	74.62	148.88	31.76	76.87	605.45	83.85	121.15
2024-11-08	196.9	73.09	76566.73	26.2	253.35	76.97	147.63	31.36	77.39	615.81	84.83	121.11
2024-11-11	197.52	72.95	88770.73	25.05	256.2	75.91	145.26	30.54	77.94	625.25	84.21	120.47
2024-11-12	198.1	72.51	88035.43	24.16	263.55	74.26	148.29	30.69	77.29	614.67	84.99	120.35
2024-11-13	197.3	72.48	90493.82	24.92	271.65	74.24	146.27	30.59	76.66	605.87	85.5	121.47
2024-11-14	195.78	72.46	87340.4	25.03	278.95	75.28	146.76	30.51	74.96	593.15	84.47	120.56
2024-11-15	196.88	72.48	91058.36	24.35	281.8	76.35	141.98	30.37	74.95	592.23	84.25	119.31
2024-11-18	199.97	72.55	90520.3	24.84	280.75	76.39	140.15	31.16	75.76	589.65	84.08	120.31
2024-11-19	196.6	72.68	92435.89	24.2	279.75	77.08	147.01	31.21	74.4	577	86.6	118.63
2024-11-20	197.29	72.6	94393.15	24.01	295.3	76.88	145.89	30.96	73.63	600.5	87.18	120.32
2024-11-21	203.48	72.56	98439.09	24.44	298.65	77.36	146.67	30.91	75.08	597.49	88.39	121.93
2024-11-22	203.8	72.59	99024.03	24.5	305.25	76	141.95	31.31	75.79	590.87	90.44	121.79
2024-11-25	202.03	73.26	93000.01	24.87	308.35	76.64	136.02	30.21	76.88	605.83	89.5	119.97
2024-11-26	207.87	73.13	91929.54	24.05	312.15	77.49	136.92	30.39	76.39	606.79	91.31	117.97
2024-11-27	208.2	73.33	95951.19	23.65	326.15	78.52	135.34	30.11	76.65	608.38	91.88	117.66
2024-11-29	207.39	73.6	97490.56	24.05	321.65	78.67	138.25	30.68	77.11	610.2	92.5	117.96
2024-12-02	204.39	73.42	95862.89	23.93	299.2	77.07	138.63	30.45	76.27	608.52	92.64	117.85
2024-12-03	203.4	73.25	95924.52	22.47	297.7	76.29	140.26	31.08	79.49	605.23	93.51	117.67
2024-12-04	204.95	73.5	98746.24	21.96	305.95	75.74	145.14	31.5	80.37	610.79	94.45	114.28
2024-12-05	204.23	73.51	97044.23	20.8	315.75	76.2	145.06	31.13	81.77	578.97	95.3	114.78
2024-12-06	203.64	73.71	99891.35	20.92	332.5	75.24	142.44	31.19	80.73	549.62	95.7	113.57
2024-12-09	199.04	73.49	97324.81	20.81	332.3	74.7	138.81	32.22	81.07	560.62	93.83	112.9
2024-12-10	195.06	73.41	96660.76	20.16	335.65	74.14	135.07	32.36	80.82	565.19	94.55	112.67
2024-12-11	193.3	73.25	101202.11	20.12	321.7	73.98	139.31	32.56	80.35	533.53	94.96	111.92
2024-12-12	192.3	72.96	100030.47	20.78	322.6	73.22	137.34	31.23	79.76	515.76	94.09	111.82
2024-12-13	196.26	72.67	101428.75	20.34	320.85	73.62	134.25	30.66	79.96	520.48	94.25	110.84
2024-12-16	195.02	72.75	106099.81	20.83	328.75	72.79	132	30.7	79.25	498.5	94.87	108.47
2024-12-17	193.4	72.76	106136.99	20.44	325.45	72.27	130.39	30.57	78.03	485.52	95.42	108.01
2024-12-18	189.25	72.19	100150.73	19.3	333.15	70.52	128.91	30.41	77.08	499.72	93.55	106.42
2024-12-19	189.79	71.99	97372.21	19.06	323.75	69.77	130.68	29.09	76.55	489.25	93.4	105.51
2024-12-20	193.56	72.21	97765	19.52	325	71.67	134.7	29.66	76.97	500.13	92.24	105.87
2024-12-23	193.63	71.98	94764.56	20.2	327.25	72.49	139.67	29.89	76.89	506.34	90.35	106.3
2024-12-24	195.52	71.85	98594.47	20.4	328.6	72.91	140.22	29.97	77.53	506.1	92.68	106.4
2024-12-26	195.62	71.9	95669.49	20.44	324.65	72.37	139.93	30.05	77.31	511.15	92.79	106.49
2024-12-27	193.8	71.75	94171.89	20.3	322.65	72.11	137.01	29.66	76.95	509.99	91.66	106.48
2024-12-30	192.55	72.03	92620.71	19.82	321	71.76	137.49	29.11	76.36	507.8	90.57	105.76
2024-12-31	192.79	71.91	93354.22	20.05	319.75	71.69	134.29	28.94	76.46	505.86	90.35	107.57
2025-01-02	191.95	71.94	96903.19	20.22	326.85	71.61	138.31	29.62	75.71	504.51	90	107.31
2025-01-03	191.45	71.85	98136.51	20.56	318.65	71.99	144.47	29.81	75.43	513	90.78	107.86
2025-01-06	185.91	71.78	102279.41	19.87	318.6	71.24	149.43	30.34	74.74	513.67	91.43	107.74
2025-01-07	186.04	71.53	96941.98	20.01	320.5	70.43	140.14	30.45	74.55	514.25	90.81	108.75
2025-01-08	191.8	71.61	95036.63	19.88	316.45	70.66	140.11	30.45	74.85	524.52	91.8	106.93
2025-01-10	180.99	71.24	94701.18	19.15	323.85	67.38	135.91	31.09	73.59	520.69	93	106.54
2025-01-13	182.54	71.17	94506.45	19.2	325.95	66.96	133.23	30.09	73.71	541.14	91.53	109.29
2025-01-14	186.81	71.22	96534.96	19.2	321.95	67.98	131.76	30.13	73.94	543.74	90.79	109.72
2025-01-15	188.03	71.79	100510.23	19.72	330.45	69.29	136.24	31.32	74	543.42	91.34	111.51
2025-01-16	191.1	71.93	99981.78	19.67	327.15	71.37	133.57	31.52	73.22	510.59	91.3	111.32
2025-01-17	188.9	71.95	104107	21.49	328.35	70.76	137.71	30.95	73.07	509.76	91.94	112.32
2025-01-21	189.75	72.16	106159.26	21.77	327.8	70.85	140.83	31.31	73.49	524.99	93.08	111.47
2025-01-22	185.25	72.01	103667.11	21.86	341.85	68.49	147.07	31.24	73.42	519.72	93.23	109.53
2025-01-23	184.66	71.9	103926.36	21.57	343.95	69.23	147.22	30.67	73.7	529.77	93.81	110.15
2025-01-24	186.07	72.04	104850.27	20.83	347.55	72.83	142.62	31.02	74.77	532.51	94.76	108.66
2025-01-27	193.19	72.42	102062.42	20.29	349.2	73.88	118.42	30.25	76.86	543.52	97.4	110.17
2025-01-28	190.96	72.38	101290	19.8	357.5	70.54	128.99	30.73	72.28	542.48	97.29	108.04
2025-01-29	190.81	72.34	103747.25	19.75	366.55	70.89	123.7	31.24	71.92	538.1	97.5	108.67
2025-01-30	193.83	72.44	104742.64	20.01	373.4	71.3	124.65	32.36	73.34	545.57	98.65	109.57
2025-01-31	192.33	72.34	102411.26	19.43	377.85	71.56	120.07	32.13	72.92	542.49	98.16	106.83
